업종,상호,시설주소(지번),시설주소(도로명),데이터기준일자
수영장업,잠실실내수영장,서울특별시 송파구 잠실동 10번지 ,"서울특별시 송파구 올림픽로 25 (잠실동, 종합운동장)",2020-04-13
수영장업,롯데호텔 실내수영장,서울특별시 송파구 잠실동 40-1번지 ,"서울특별시 송파구 올림픽로 240, 5층 (잠실동, 롯데호텔)",2020-04-13
수영장업,한강공원 잠실수영장,서울특별시 송파구 잠실동 1-1번지 한강공원 잠실수영장 ,"서울특별시 송파구 한가람로 65 (잠실동, 한강사업본부 잠실안내센터)",2020-04-13
수영장업,아쿠아키즈,서울특별시 송파구 잠실동 252-11번지 ,"서울특별시 송파구 삼전로 지하 95 (잠실동, 태성빌딩)",2020-04-13
수영장업,에이치투오 어린이수영장,서울특별시 송파구 방이동 227-9번지 지하1층 ,서울특별시 송파구 오금로 233 (방이동),2020-04-13
수영장업,키즈마린 워터파크,서울특별시 송파구 잠실동 251번지 지하1층 ,서울특별시 송파구 삼전로 81 (잠실동),2020-04-13
수영장업,(주)스위스키즈베어,서울특별시 송파구 삼전동 130-5번지 지층 ,서울특별시 송파구 삼학사로 99 (삼전동),2020-04-13
수영장업,더블유엘지 문정,서울특별시 송파구 문정동 1번지 삼성래미안상가 지하1층 ,"서울특별시 송파구 문정로 83 (문정동, 문정래미안아파트)",2020-04-13
수영장업,키즈웨일즈,서울특별시 송파구 가락동 164-18번지 ,서울특별시 송파구 동남로 207 (가락동),2020-04-13
수영장업,엘에스(LS),서울특별시 송파구 풍납동 402-4번지 ,"서울특별시 송파구 토성로 78 (풍납동, 정민빌딩)",2020-04-13
수영장업,킨더스윔,서울특별시 송파구 오금동 11번지 ,"서울특별시 송파구 양재대로72길 17 (오금동, 현대백조아파트)",2020-04-13
수영장업,비바스포츠센타,서울특별시 송파구 방이동 67-2번지 ,"서울특별시 송파구 오금로15길 5-12 (방이동, 정환빌딩)",2020-04-13
수영장업,블루라군,서울특별시 송파구 가락동 140번지 가락쌍용아파트 ,"서울특별시 송파구 동남로 189, 쌍용프라자 지하2층 (가락동)",2020-04-13
체육도장업,용인대 태권도장,서울특별시 송파구 풍납동 506번지 동아한가람아파트 ,"서울특별시 송파구 한가람로16길 7, 205,206호 (풍납동)",2020-04-13
체육도장업,통일태권도장,서울특별시 송파구 잠실동 101-1번지 상가 ,서울특별시 송파구 올림픽로4길 40 (잠실동),2020-04-13
체육도장업,우일태권도장,서울특별시 송파구 풍납동 264-2번지 우일(아) ,서울특별시 송파구 토성로 38-4 (풍납동),2020-04-13
체육도장업,태비태권도,서울특별시 송파구 방이동 89-11번지 ,"서울특별시 송파구 양재대로 1222 (방이동, 올림픽프라자)",2020-04-13
체육도장업,마천체육관,서울특별시 송파구 마천동 77-2번지 ,서울특별시 송파구 성내천로 214 (마천동),2020-04-13
체육도장업,올림픽검도교실(올림픽제1체육관스포츠교실),서울특별시 송파구 방이동 88-2번지 ,서울특별시 송파구 올림픽로 424 (방이동),2020-04-13
체육도장업,송무검도관,서울특별시 송파구 석촌동 284-5번지 ,서울특별시 송파구 송파대로43길 16 (석촌동),2020-04-13
체육도장업,MTA 청목 태권도,서울특별시 송파구 가락동 189-21번지 ,"서울특별시 송파구 동남로18길 43 (가락동, 혜성빌딩)",2020-04-13
체육도장업,가동태권도,서울특별시 송파구 가락동 164-0번지 ,서울특별시 송파구 중대로20길 49 (가락동),2020-04-13
체육도장업,승민태권도체육도장,서울특별시 송파구 삼전동 29-3번지 ,서울특별시 송파구 백제고분로22길 8 (삼전동),2020-04-13
체육도장업,월드태권도,서울특별시 송파구 신천동 7번지 장미B상가 ,"서울특별시 송파구 올림픽로35길 112 (신천동, 장미아파트 비상가)",2020-04-13
체육도장업,태권도상무체육관,서울특별시 송파구 석촌동 269-0번지 ,서울특별시 송파구 가락로11길 12 (석촌동),2020-04-13
체육도장업,한국체대 탑 태권도장,서울특별시 송파구 잠실동 226-5번지 202호,서울특별시 송파구 올림픽로12길 54 (잠실동),2020-04-13
체육도장업,우일,서울특별시 송파구 풍납동 508-0번지 상가 ,서울특별시 송파구 토성로 38-6 (풍납동),2020-04-13
체육도장업,현무태권도체육관,서울특별시 송파구 마천동 307-5번지 2층 ,서울특별시 송파구 마천로57길 12 (마천동),2020-04-13
체육도장업,단무태권도장,서울특별시 송파구 석촌동 212-4번지 ,서울특별시 송파구 삼학사로12길 14 (석촌동),2020-04-13
체육도장업,원도태권도,서울특별시 송파구 풍납동 156-12번지 ,서울특별시 송파구 풍성로 65 (풍납동),2020-04-13
체육도장업,경희체육도장,서울특별시 송파구 풍납동 177-23번지 ,서울특별시 송파구 한가람로14길 13 (풍납동),2020-04-13
체육도장업,쌍용태권도장,서울특별시 송파구 가락동 140-0번지 28동201호 ,서울특별시 송파구 동남로 189 (가락동),2020-04-13
체육도장업,비호체육관,서울특별시 송파구 마천동 284-3번지 ,서울특별시 송파구 성내천로 305 (마천동),2020-04-13
체육도장업,태권도왕호체육관,서울특별시 송파구 가락동 31-0번지 ,서울특별시 송파구 송이로17길 40 (가락동),2020-04-13
체육도장업,왕호태권도,서울특별시 송파구 풍납동 406-1번지 ,"서울특별시 송파구 토성로 65 (풍납동, 태양상가)",2020-04-13
체육도장업,잠실운동장검도장,서울특별시 송파구 잠실동 10-0번지 ,서울특별시 송파구 올림픽로 25 (잠실동),2020-04-13
체육도장업,태권도대명체육관,서울특별시 송파구 잠실동 27-2번지 ,서울특별시 송파구 잠실로 15 (잠실동),2020-04-13
체육도장업,상아태권도,서울특별시 송파구 오금동 165번지 ,"서울특별시 송파구 오금로 407, 208호 (오금동)",2020-04-13
체육도장업,극동태권도체육도장,서울특별시 송파구 가락동 155-1번지 ,서울특별시 송파구 중대로 192 (가락동),2020-04-13
체육도장업,용인대 방이태권도,서울특별시 송파구 방이동 170-3번지 ,"서울특별시 송파구 백제고분로50길 35 (방이동, 정원빌딩)",2020-04-13
체육도장업,양문체육관,서울특별시 송파구 문정동 97-4번지 ,서울특별시 송파구 새말로 142 (문정동),2020-04-13
체육도장업,잠실유도회관,서울특별시 송파구 잠실동 226-5번지 ,서울특별시 송파구 올림픽로12길 54 (잠실동),2020-04-13
체육도장업,홍익체육관,서울특별시 송파구 마천동 13-7번지 2층 ,"서울특별시 송파구 성내천로23길 22, 2층 (마천동)",2020-04-13
체육도장업,용사경희체육관,서울특별시 송파구 풍납동 259-8번지 ,서울특별시 송파구 토성로 26 (풍납동),2020-04-13
체육도장업,무영검도관,서울특별시 송파구 가락동 164-23번지 1통41반 지하1층 ,서울특별시 송파구 동남로 215 (가락동),2020-04-13
체육도장업,STS한국체대태권도,서울특별시 송파구 문정동 150번지 훼밀리(아) 호돌이상가(3동) 202호 ,서울특별시 송파구 중대로 24 (문정동),2020-04-13
체육도장업,서울태권도체육관,서울특별시 송파구 가락동 96-1번지 ,서울특별시 송파구 송파대로32길 8 (가락동),2020-04-13
체육도장업,대한태권도장,서울특별시 송파구 방이동 168-17번지 3층 303호,"서울특별시 송파구 백제고분로50길 43, 3층 303호 (방이동)",2020-04-13
체육도장업,태권도사관학교효체육관,서울특별시 송파구 마천동 158-2번지 ,서울특별시 송파구 성내천로 223 (마천동),2020-04-13
체육도장업,거원체육관,서울특별시 송파구 거여동 290-3번지 ,"서울특별시 송파구 양산로4길 13, 5층 (거여동)",2020-04-13
체육도장업,태극무술원,서울특별시 송파구 잠실동 205-2번지 ,서울특별시 송파구 올림픽로12길 25 (잠실동),2020-04-13
체육도장업,포올 태권도 운동발달 센터,서울특별시 송파구 오금동 11번지 현대백조아파트상가 2동2층 ,"서울특별시 송파구 양재대로72길 17 (오금동, 현대백조아파트)",2020-04-13
체육도장업,문정태권도체육관,서울특별시 송파구 문정동 88-16번지 2층 ,"서울특별시 송파구 송이로34길 61, 2층 (문정동)",2020-04-13
체육도장업,검도풍납본관,서울특별시 송파구 풍납동 405-2번지 ,서울특별시 송파구 토성로15길 3-3 (풍납동),2020-04-13
체육도장업,아이캔태권도장,서울특별시 송파구 가락동 159-6번지 ,"서울특별시 송파구 송이로14길 3, 2층 (가락동)",2020-04-13
체육도장업,위너스 태권아카데미,서울특별시 송파구 문정동 1번지 ,"서울특별시 송파구 문정로 83 (문정동, 문정래미안아파트)",2020-04-13
체육도장업,경희체육관,서울특별시 송파구 송파동 88번지 ,서울특별시 송파구 백제고분로42길 16 (송파동),2020-04-13
체육도장업,캡틴 태권도,서울특별시 송파구 거여동 136번지 ,서울특별시 송파구 거마로9길 19 (거여동),2020-04-13
체육도장업,경희대체육관,서울특별시 송파구 오금동 80-12번지 지하1층 ,"서울특별시 송파구 마천로 117, 지하1층 (오금동)",2020-04-13
체육도장업,아이사랑체육관,서울특별시 송파구 가락동 197-5번지 ,서울특별시 송파구 동남로14길 15 (가락동),2020-04-13
체육도장업,삼전경희태권도,서울특별시 송파구 삼전동 58-4번지 2층 ,서울특별시 송파구 백제고분로28길 20 (삼전동),2020-04-13
체육도장업,운암검도교실,서울특별시 송파구 가락동 87번지 지하1층 ,"서울특별시 송파구 중대로9길 50, 지하1층 (가락동)",2020-04-13
체육도장업,원도 체육관,서울특별시 송파구 송파동 103번지 2층 ,"서울특별시 송파구 가락로 176, 2층 (송파동)",2020-04-13
체육도장업,경희 태권도,서울특별시 송파구 송파동 163-20번지 4층 ,"서울특별시 송파구 오금로32길 28, 4층 (송파동)",2020-04-13
체육도장업,경희대 파란 태권도 체육관,서울특별시 송파구 석촌동 297-32번지 남양빌딩 2층 ,"서울특별시 송파구 송파대로37길 30-1, 2층 (석촌동)",2020-04-13
체육도장업,웰리스 복싱다이어트클럽,서울특별시 송파구 가락동 124-8번지 예성빌딩 지층2호 ,"서울특별시 송파구 송이로 161, 지하1층 (가락동)",2020-04-13
체육도장업,경희대 우성 태권도,서울특별시 송파구 잠실동 320번지 우성(아) 4차 상가1층 ,서울특별시 송파구 백제고분로18길 26 (잠실동),2020-04-13
체육도장업,승관유도관,서울특별시 송파구 가락동 15-7번지 지하1층 ,"서울특별시 송파구 송이로17길 50-28, 지하1층 (가락동)",2020-04-13
체육도장업,경희대 태권도 아이토리짐,서울특별시 송파구 거여동 17-17번지 2층 ,"서울특별시 송파구 오금로57길 3-4, 2층 (거여동)",2020-04-13
체육도장업,용인대 코리아 태권도,서울특별시 송파구 오금동 44번지 현대(아)상가  3층 ,"서울특별시 송파구 오금로35길 17 (오금동, 현대아파트)",2020-04-13
체육도장업,용인대파란태권도,"서울특별시 송파구 문정동 150번지 훼미리상가 제1동 311,313호 ","서울특별시 송파구 중대로 24 (문정동, 올림픽훼밀리타운)",2020-04-13
체육도장업,강인태권도체육관,서울특별시 송파구 오금동 78-5번지 3층 ,"서울특별시 송파구 마천로15길 2, 3층 (오금동)",2020-04-13
체육도장업,용인대월드태권도장,서울특별시 송파구 거여동 290-2번지 3층 ,"서울특별시 송파구 양산로4길 9, 3층 (거여동)",2020-04-13
체육도장업,성 현무태권도,서울특별시 송파구 삼전동 110-13번지 3층 ,"서울특별시 송파구 삼학사로19길 28 (삼전동, 캔쇼빌딩)",2020-04-13
체육도장업,삼전원도체육관,서울특별시 송파구 삼전동 9-9번지 3층 ,"서울특별시 송파구 백제고분로 231, 3층 (삼전동)",2020-04-13
체육도장업,한체대원도,서울특별시 송파구 잠실동 44-3번지 레이크팰리스 상가A동 4층 ,서울특별시 송파구 석촌호수로 135 (잠실동),2020-04-13
체육도장업,송파동아권투체육관,서울특별시 송파구 가락동 175-13번지 3층 ,"서울특별시 송파구 오금로46길 3, 3층 (가락동)",2020-04-13
체육도장업,창용태권도장,서울특별시 송파구 문정동 98-6번지 2층 ,서울특별시 송파구 새말로6길 46 (문정동),2020-04-13
체육도장업,스타복싱 체육관,서울특별시 송파구 잠실동 228-8번지 극동빌딩 지하1층 ,서울특별시 송파구 백제고분로 135 (잠실동),2020-04-13
체육도장업,중앙유도,서울특별시 송파구 잠실동 313-9번지 3층 ,서울특별시 송파구 백제고분로 144 (잠실동),2020-04-13
체육도장업,원도태권도,서울특별시 송파구 방이동 124-19번지 ,"서울특별시 송파구 백제고분로48길 44 (방이동, 동보빌딩)",2020-04-13
체육도장업,고려대석사 경찰태권도,서울특별시 송파구 가락동 154-18번지 지하1층 ,"서울특별시 송파구 오금로40길 40, 지하1층 (가락동)",2020-04-13
체육도장업,청호체육관,서울특별시 송파구 송파동 102번지 2층 ,"서울특별시 송파구 송이로 4, 2층 (송파동)",2020-04-13
체육도장업,한얼태권도장,서울특별시 송파구 거여동 31-16번지 3층 ,서울특별시 송파구 오금로 528 (거여동),2020-04-13
체육도장업,힘찬 태권도,서울특별시 송파구 잠실동 209-1번지 3층 ,서울특별시 송파구 석촌호수로 82 (잠실동),2020-04-13
체육도장업,개롱효태권도장,서울특별시 송파구 오금동 160번지 지하1층 ,"서울특별시 송파구 문정로 197, 지하1층 (오금동)",2020-04-13
체육도장업,용인대백호태권도장,서울특별시 송파구 가락동 189-27번지 2층 ,"서울특별시 송파구 동남로18길 35, 2층 (가락동)",2020-04-13
체육도장업,힘찬태권도,서울특별시 송파구 장지동 841-3번지 501호 ,서울특별시 송파구 충민로2길 26 (장지동),2020-04-13
체육도장업,백제검도관,서울특별시 송파구 방이동 218-35번지 4층 ,"서울특별시 송파구 오금로31길 22, 4층 (방이동)",2020-04-13
체육도장업,충무태권도,서울특별시 송파구 마천동 128-83번지 2층동 ,서울특별시 송파구 마천로45길 8 (마천동),2020-04-13
체육도장업,태비태권도 삼전체육관,서울특별시 송파구 삼전동 9-9번지 3층 ,"서울특별시 송파구 백제고분로 231, 3층 (삼전동)",2020-04-13
체육도장업,한국체대 태권도 잠실 체육관,"서울특별시 송파구 신천동 20-6번지 511,512호","서울특별시 송파구 올림픽로 435, 5층 (신천동)",2020-04-13
체육도장업,KTI한울태권도,서울특별시 송파구 문정동 18번지 대우(아) 상가 201호,서울특별시 송파구 문정로 55 (문정동),2020-04-13
체육도장업,연세월드태권도,서울특별시 송파구 석촌동 283-10번지 2층동 ,서울특별시 송파구 백제고분로40길 14 (석촌동),2020-04-13
체육도장업,경희대 태권도 교육관,서울특별시 송파구 신천동 20-6번지 파크리오 상가 B동 506호,"서울특별시 송파구 올림픽로 435, 5층 (신천동)",2020-04-13
체육도장업,용인대 태권쏭 아카데미,서울특별시 송파구 잠실동 19-9번지 파인애플상가 5B04~5B06호,서울특별시 송파구 올림픽로 119 (잠실동),2020-04-13
체육도장업,경희대 잠현 태권도,서울특별시 송파구 신천동 17-4번지 파크리오 상가A동 512호,"서울특별시 송파구 올림픽로 435, A동 5층 512호 (신천동)",2020-04-13
체육도장업,서울시 대표 태권도,서울특별시 송파구 송파동 133-3번지 2층 ,"서울특별시 송파구 백제고분로44길 3 (송파동, 비봉실업)",2020-04-13
체육도장업,용인대그린체육관,서울특별시 송파구 잠실동 35-2번지 트리지움상가 5층 ,"서울특별시 송파구 석촌호수로 61 (잠실동, 트리지움)",2020-04-13
체육도장업,최정규 체육관,서울특별시 송파구 방이동 108-9번지 지하 1층 ,"서울특별시 송파구 백제고분로 453, 지하1층 (방이동)",2020-04-13
체육도장업,무 검도관,서울특별시 송파구 거여동 546번지 지하1층 ,"서울특별시 송파구 오금로64길 3, 지하1층 (거여동)",2020-04-13
체육도장업,검도,서울특별시 송파구 오금동 49-4번지 ,서울특별시 송파구 중대로 245 (오금동),2020-04-13
체육도장업,송파 화이트타이거 태권도,서울특별시 송파구 송파동 149번지 3층 ,"서울특별시 송파구 가락로28길 9, 3층 (송파동)",2020-04-13
체육도장업,아이캔 태권도,서울특별시 송파구 가락동 159-6번지 2층 ,"서울특별시 송파구 송이로14길 3, 2층 (가락동)",2020-04-13
체육도장업,석촌경희대태권스쿨스포츠클럽,서울특별시 송파구 석촌동 273-401번지 ,서울특별시 송파구 가락로 82-401 (석촌동),2020-04-13
체육도장업,리더어린이스포츠클럽,서울특별시 송파구 잠실동 35-2번지 트리지움상가 지하1층 149호,"서울특별시 송파구 석촌호수로 61 (잠실동, 트리지움)",2020-04-13
체육도장업,커브스 잠실클럽,서울특별시 송파구 잠실동 205-1번지 ,서울특별시 송파구 올림픽로12길 23 (잠실동),2020-04-13
체육도장업,잠실복싱클럽,서울특별시 송파구 삼전동 48-3번지 3층 ,"서울특별시 송파구 백제고분로22길 3, 3층 (삼전동)",2020-04-13
체육도장업,아성태권도,서울특별시 송파구 잠실동 311-11번지 지층 ,서울특별시 송파구 백제고분로12길 11 (잠실동),2020-04-13
체육도장업,아름찬코리아,서울특별시 송파구 송파동 48-18번지 2층 ,"서울특별시 송파구 백제고분로 433 (송파동, 장학학원)",2020-04-13
체육도장업,아이킹스태권도,서울특별시 송파구 가락동 193-6번지 4층 ,서울특별시 송파구 동남로 198 (가락동),2020-04-13
체육도장업,문정검도관,서울특별시 송파구 문정동 51-7번지 지하1층 ,"서울특별시 송파구 문정로 11, 지하1층 (문정동)",2020-04-13
체육도장업,경원체육관,서울특별시 송파구 방이동 160-2번지 2층 ,"서울특별시 송파구 가락로 272, 2층 (방이동)",2020-04-13
체육도장업,A탑 복싱 체육관,서울특별시 송파구 삼전동 101-16번지 지하1층 ,서울특별시 송파구 백제고분로 245 (삼전동),2020-04-13
체육도장업,골든킥태권도,서울특별시 송파구 문정동 97번지 대명빌딩 2층 ,"서울특별시 송파구 새말로 136, 2층 (문정동)",2020-04-13
체육도장업,륜태권도장송파점,서울특별시 송파구 오금동 130-8번지 2층 ,서울특별시 송파구 마천로 184 (오금동),2020-04-13
체육도장업,용인대태권쏭아카데미,서울특별시 송파구 잠실동 22-6 4층 ,"서울특별시 송파구 올림픽로 135, 4층 (잠실동)",2020-04-13
체육도장업,우리복싱,서울특별시 송파구 석촌동 296-12번지 ,서울특별시 송파구 송파대로 375 (석촌동),2020-04-13
체육도장업,선시검도관,서울특별시 송파구 송파동 56-1번지 ,서울특별시 송파구 백제고분로45길 34 (송파동),2020-04-13
체육도장업,티앤티태권도장,서울특별시 송파구 잠실동 22-6번지 리센츠상가 5층 ,"서울특별시 송파구 올림픽로 145, 5층 (잠실동)",2020-04-13
체육도장업,송파유도관,서울특별시 송파구 송파동 174-3번지 지하1층 ,"서울특별시 송파구 송이로 22-1, 지하1층 (송파동)",2020-04-13
체육도장업,와일드카드복싱짐,서울특별시 송파구 석촌동 183-3번지 3 ,서울특별시 송파구 송파대로 471 (석촌동),2020-04-13
체육도장업,신천스타복싱,서울특별시 송파구 잠실동 205번지 4층 ,"서울특별시 송파구 올림픽로12길 21, 4층 (잠실동)",2020-04-13
체육도장업,이종석복싱클럽,서울특별시 송파구 문정동 72-1번지 ,"서울특별시 송파구 새말로 100 (문정동, 해승빌딩)",2020-04-13
체육도장업,송정태권도체육관,서울특별시 송파구 송파동 243번지 지하1층 ,"서울특별시 송파구 오금로32길 31, 지하1층 (송파동)",2020-04-13
체육도장업,SMC스포츠,서울특별시 송파구 석촌동 297-2번지 지층 ,"서울특별시 송파구 가락로16길 3-12 (석촌동, 성창빌딩)",2020-04-13
체육도장업,하나복싱클럽,서울특별시 송파구 잠실동 208-2번지 지하1층 ,서울특별시 송파구 백제고분로17길 54 (잠실동),2020-04-13
체육도장업,백호타이거즈태권도,서울특별시 송파구 장지동 841-4번지 대진플라자 2층 ,서울특별시 송파구 충민로2길 28 (장지동),2020-04-13
체육도장업,경희무술스쿨,서울특별시 송파구 신천동 7번지 ,"서울특별시 송파구 올림픽로35길 112 (신천동, 장미아파트 비상가)",2020-04-13
체육도장업,잠실복싱클럽2호점,서울특별시 송파구 가락동 96-12번지 3층 ,서울특별시 송파구 송파대로 286 (가락동),2020-04-13
체육도장업,서울체대입시학원,서울특별시 송파구 잠실동 35-1번지 영동일고강당 ,서울특별시 송파구 석촌호수로 93 (잠실동),2020-04-13
체육도장업,권창재복싱클럽2호점,서울특별시 송파구 석촌동 272-9번지 2층 ,서울특별시 송파구 가락로 85 (석촌동),2020-04-13
체육도장업,독수리체육관,서울특별시 송파구 거여동 554-3번지 2층 ,서울특별시 송파구 오금로 478 (거여동),2020-04-13
체육도장업,용인대토성태권도장,서울특별시 송파구 풍납동 269-30번지 2층 ,서울특별시 송파구 토성로 21 (풍납동),2020-04-13
체육도장업,용인대 탑 복싱,서울특별시 송파구 신천동 11번지 장미상가 402호 ,서울특별시 송파구 올림픽로35길 94 (신천동),2020-04-13
체육도장업,에이스 유도체육관,서울특별시 송파구 방이동 124-12번지 대원빌딩 ,"서울특별시 송파구 오금로 195, 대원빌딩 4층 (방이동)",2020-04-13
체육도장업,마천복싱클럽,서울특별시 송파구 거여동 1-9번지 ,"서울특별시 송파구 성내천로 142, 3층 (거여동)",2020-04-13
체육도장업,크로스핏에임,"서울특별시 송파구 신천동 11-8번지 지층106호,126호 ","서울특별시 송파구 올림픽로35길 93, 지층 106,126호 (신천동)",2020-04-13
체육도장업,s복싱클럽,서울특별시 송파구 문정동 96-15번지 ,"서울특별시 송파구 새말로 133, 2층 (문정동)",2020-04-13
체육도장업,서울Y유도 체육관,서울특별시 송파구 가락동 164-23번지 지하1층 ,"서울특별시 송파구 동남로 215, 지하1층 (가락동)",2020-04-13
체육도장업,복싱바이러스2,서울특별시 송파구 방이동 112번지 지하1층 ,"서울특별시 송파구 백제고분로48길 10, 지하1층 (방이동)",2020-04-13
체육도장업,국민대 궁중무술 MMA 우슈,서울특별시 송파구 삼전동 169-19번지 지하1층 ,"서울특별시 송파구 백제고분로32길 40, 지하1층 (삼전동)",2020-04-13
체육도장업,열린복싱클럽,서울특별시 송파구 오금동 18-11번지 4층 ,"서울특별시 송파구 마천로 61, 4층 (오금동)",2020-04-13
체육도장업,경희대 퍼스트 태권도,서울특별시 송파구 장지동 880-1번지 ,서울특별시 송파구 위례광장로 199 (장지동),2020-04-13
체육도장업,잠실키즈태권도,서울특별시 송파구 신천동 20-6번지 508호,"서울특별시 송파구 올림픽로 435 (신천동, 파크리오)",2020-04-13
체육도장업,경희대송례태권도,서울특별시 송파구 장지동 880-1번지 ,서울특별시 송파구 위례광장로 199 (장지동),2020-04-13
체육도장업,최정규종합체육관,서울특별시 송파구 방이동 149-2번지 ,서울특별시 송파구 백제고분로 468-1 (방이동),2020-04-13
체육도장업,선비태권도,서울특별시 송파구 장지동 841-4번지 대진플라자2 ,"서울특별시 송파구 충민로2길 28, 4층 (장지동)",2020-04-13
체육도장업,바른자세 권성세 유도관,서울특별시 송파구 거여동 21-4번지 ,서울특별시 송파구 오금로 485 (거여동),2020-04-13
체육도장업,복싱9짐,서울특별시 송파구 송파동 164-8번지 ,서울특별시 송파구 송이로 31 (송파동),2020-04-13
체육도장업,KTC 태권도아카데미,서울특별시 송파구 마천동 601번지 ,서울특별시 송파구 성내천로47길 31 (마천동),2020-04-13
체육도장업,킹짐,서울특별시 송파구 삼전동 1-5번지 ,서울특별시 송파구 삼전로 96 (삼전동),2020-04-13
체육도장업,골든킥 키즈 짐,서울특별시 송파구 문정동 82-5번지 ,서울특별시 송파구 새말로 134 (문정동),2020-04-13
체육도장업,광호체육관,서울특별시 송파구 마천동 178-1번지 지하 ,"서울특별시 송파구 마천로41길 32, 지하층 (마천동)",2020-04-13
체육도장업,풍납검도관,,"서울특별시 송파구 토성로 40, 지하1층 (풍납동)",2020-04-13
체육도장업,피스트짐,,"서울특별시 송파구 석촌호수로 188, 지하층 B205,206호 (석촌동, 신동아로쟌뷰)",2020-04-13
체육도장업,잠실복싱다이어트,,"서울특별시 송파구 백제고분로 165, 3층 (잠실동, 서도빌딩)",2020-04-13
체육도장업,STG,,"서울특별시 송파구 올림픽로 119, 3층 3B01,3B02호 (잠실동, 잠실파인애플상가)",2020-04-13
체육도장업,화이트타이거,,"서울특별시 송파구 가락로36길 7, 2층 (방이동)",2020-04-13
체육도장업,플레이짐,서울특별시 송파구 잠실동 19-9번지 ,"서울특별시 송파구 올림픽로 119, 지하층 A113~A122호 (잠실동, 잠실파인애플상가)",2020-04-13
체육도장업,선비태권도,서울특별시 송파구 장지동 881번지 ,"서울특별시 송파구 위례광장로 188 (장지동, 아이온스퀘어)",2020-04-13
체육도장업,드림유도체육관,서울특별시 송파구 문정동 99-6번지 ,"서울특별시 송파구 새말로 152-1, 2층 (문정동, 인성캐터링)",2020-04-13
체육도장업,정진체육관,서울특별시 송파구 거여동 133-33번지 ,"서울특별시 송파구 거마로 47 (거여동, 거목빌딩)",2020-04-13
체육도장업,바오짐,서울특별시 송파구 가락동 107-11번지 ,"서울특별시 송파구 동남로 105 (가락동, 덕암빌딩)",2020-04-13
체육도장업,PUNCH FACTORY,서울특별시 송파구 문정동 640-7번지 ,서울특별시 송파구 정의로8길 13 (문정동),2020-04-13
체육도장업,우슈무술관,서울특별시 송파구 방이동 113-4번지 금호빌딩 ,"서울특별시 송파구 백제고분로48길 16, 금호빌딩 4층 (방이동)",2020-04-13
체육도장업,한국유도원,서울특별시 송파구 방이동 196-14번지 현재어학원 ,"서울특별시 송파구 위례성대로12길 13, 현재어학원 (방이동)",2020-04-13
체육도장업,팀임팩트복싱크로스핏,서울특별시 송파구 문정동 75-8번지 ,"서울특별시 송파구 새말로8길 28, 지하1층 (문정동)",2020-04-13
체육도장업,이순신 체육관,서울특별시 송파구 석촌동 272-25번지 영진빌딩 ,"서울특별시 송파구 가락로 95, 영진빌딩 3층 (석촌동)",2020-04-13
체육도장업,송파복싱클럽,서울특별시 송파구 송파동 97-43번지 ,"서울특별시 송파구 송파대로38길 5, 4층 (송파동)",2020-04-13
체육도장업,용인대 헬리오 태권도,서울특별시 송파구 석촌동 254-5번지 203호,"서울특별시 송파구 송파대로37길 70, 203호 (석촌동)",2020-04-13
체육도장업,헬리오 퍼스트 태권도,서울특별시 송파구 가락동 479번지 헬리오시티 ,"서울특별시 송파구 송파대로 345, 001A동 2046,2047,2048호 (가락동, 헬리오시티)",2020-04-13
체육도장업,김일권 챔프복싱,서울특별시 송파구 석촌동 296-2번지 신우빌딩 ,"서울특별시 송파구 가락로 114, 신우빌딩 지하1층 (석촌동)",2020-04-13
체육도장업,레벨업복싱,서울특별시 송파구 삼전동 22-1번지 유시에셋 ,"서울특별시 송파구 석촌호수로 138, 3층 302호 (삼전동)",2020-04-13
체육도장업,한미태권도,서울특별시 송파구 방이동 218-35번지 석도빌딩 ,"서울특별시 송파구 오금로31길 22, 석도빌딩 3층 (방이동)",2020-04-13
,대한볼링협회볼링경기장,서울특별시 송파구 신천동 7-0번지 장미상가 ,,2020-04-13
,신진볼링장,서울특별시 송파구 오금동 126-1번지 ,,2020-04-13
골프연습장업,동주(실외),서울특별시 송파구 방이동 56-1번지 ,서울특별시 송파구 오금로11길 44 (방이동),2020-04-13
골프연습장업,롯데호텔 골프연습장,서울특별시 송파구 잠실동 40-1번지 ,서울특별시 송파구 올림픽로 240 (잠실동),2020-04-13
골프연습장업,G골프스튜디오,서울특별시 송파구 방이동 219-6번지 ,서울특별시 송파구 오금로31길 19 (방이동),2020-04-13
골프연습장업,잠실골프연습장(실외),서울특별시 송파구 잠실동 224-0번지 ,서울특별시 송파구 백제고분로11길 10 (잠실동),2020-04-13
골프연습장업,올림픽골프랜드,서울특별시 송파구 방이동 89-13번지 올림픽 ,서울특별시 송파구 양재대로 1222 (방이동),2020-04-13
골프연습장업,삼성골프크리닉,서울특별시 송파구 석촌동 295-8번지 ,서울특별시 송파구 가락로 119 (석촌동),2020-04-13
골프연습장업,건영골프연습장,서울특별시 송파구 문정동 72-3번지 건영상가 ,서울특별시 송파구 새말로8길 14 (문정동),2020-04-13
골프연습장업,실내골프연습장,서울특별시 송파구 잠실동 10-0번지 ,서울특별시 송파구 올림픽로 25 (잠실동),2020-04-13
골프연습장업,그린골프연습장,서울특별시 송파구 삼전동 180-0번지 ,서울특별시 송파구 백제고분로 262 (삼전동),2020-04-13
골프연습장업,포시즌스크린골프,서울특별시 송파구 송파동 142-8번지 지하1층 ,"서울특별시 송파구 오금로 204, 지하1층 (송파동)",2020-04-13
골프연습장업,아넥스골프스쿨(실외),서울특별시 송파구 방이동 110-12번지 ,서울특별시 송파구 오금로19길 5 (방이동),2020-04-13
골프연습장업,뉴원골프스쿨,서울특별시 송파구 풍납동 401-4번지 ,서울특별시 송파구 올림픽로 505 (풍납동),2020-04-13
골프연습장업,산성골프연습장,서울특별시 송파구 거여동 174-4번지 ,서울특별시 송파구 거마로 13 (거여동),2020-04-13
골프연습장업,송파골프장,서울특별시 송파구 가락동 8-0번지 ,서울특별시 송파구 오금로 306 (가락동),2020-04-13
골프연습장업,온그린골프아카데미,서울특별시 송파구 잠실동 101-8번지 ,"서울특별시 송파구 올림픽로4길 32 (잠실동, 꿈밭유치원)",2020-04-13
골프연습장업,가락골프아카데미,서울특별시 송파구 가락동 137-1번지 ,서울특별시 송파구 동남로 165 (가락동),2020-04-13
골프연습장업,송파오케이온,서울특별시 송파구 방이동 28-2번지 ,서울특별시 송파구 올림픽로30길 7 (방이동),2020-04-13
골프연습장업,sky골프크리닉,서울특별시 송파구 가락동 74-9번지 13통3반 501호,서울특별시 송파구 송파대로30길 41-31 (가락동),2020-04-13
골프연습장업,김프로 골프존 아카데미,서울특별시 송파구 송파동 143-3번지 지하1층 ,"서울특별시 송파구 가락로 205 (송파동, 송림빌딩)",2020-04-13
골프연습장업,이글골프스쿨,서울특별시 송파구 오금동 42-11번지 지하1층 ,"서울특별시 송파구 마천로8길 1, 지하1층 (오금동)",2020-04-13
골프연습장업,올림픽골프교실,서울특별시 송파구 방이동 88-2번지 ,서울특별시 송파구 올림픽로 424 (방이동),2020-04-13
골프연습장업,맥스골프스쿨,서울특별시 송파구 거여동 290-1번지 ,"서울특별시 송파구 양산로 14 (거여동, 세신거여종합상가)",2020-04-13
골프연습장업,한양골프크리닉스쿨,서울특별시 송파구 오금동 3-4번지 ,서울특별시 송파구 위례성대로 184 (오금동),2020-04-13
골프연습장업,현대골프스쿨,서울특별시 송파구 삼전동 22-19번지 ,서울특별시 송파구 석촌호수로 134 (삼전동),2020-04-13
골프연습장업,오륜골프스쿨,서울특별시 송파구 오금동 23-3번지 지하1층 ,"서울특별시 송파구 마천로 79, 지하1층 (오금동)",2020-04-13
골프연습장업,황제골프클럽,서울특별시 송파구 오금동 67-0번지 아남아파트 상가 지하 ,"서울특별시 송파구 성내천로6길 1, 지하1층 (오금동)",2020-04-13
골프연습장업,P.G.A.골프클리닉,서울특별시 송파구 풍납동 398-1번지 대원빌딩 ,서울특별시 송파구 강동대로5길 20 (풍납동),2020-04-13
골프연습장업,PGA골프연습장,서울특별시 송파구 가락동 40-8번지 ,서울특별시 송파구 송이로21길 42 (가락동),2020-04-13
골프연습장업,그린골프연습장,서울특별시 송파구 마천동 135-14번지 ,서울특별시 송파구 마천로41길 27 (마천동),2020-04-13
골프연습장업,코레스코골프클럽,서울특별시 송파구 오금동 3-1번지 무림빌딩지하1층 B1호,"서울특별시 송파구 위례성대로 180, 지하1층 (오금동)",2020-04-13
골프연습장업,한성기업(주)르네상스 휘트니스 클럽,서울특별시 송파구 오금동 45-0번지 ,서울특별시 송파구 오금로 307 (오금동),2020-04-13
골프연습장업,비전골프연습장,서울특별시 송파구 삼전동 38-27번지 ,서울특별시 송파구 삼전로2길 1 (삼전동),2020-04-13
골프연습장업,그랜드골프,서울특별시 송파구 방이동 160번지 그랜드빌딩지하 ,"서울특별시 송파구 가락로 278, 지하1층 (방이동)",2020-04-13
골프연습장업,골프사랑,서울특별시 송파구 방이동 208-6번지 지하1층 ,"서울특별시 송파구 위례성대로18길 32, 지하1층 (방이동)",2020-04-13
골프연습장업,파인스골프클럽,서울특별시 송파구 가락동 170번지 3.4층 ,"서울특별시 송파구 오금로44가길 9, 3층 (가락동)",2020-04-13
골프연습장업,뉴서울골프스쿨,서울특별시 송파구 마천동 576-1번지 마천우방아파트104동상가 지하1층 ,"서울특별시 송파구 성내천로 209, 지하1층 (마천동)",2020-04-13
골프연습장업,마스타골프연습장,서울특별시 송파구 오금동 150-4번지 ,서울특별시 송파구 동남로 286 (오금동),2020-04-13
골프연습장업,에이스골프연습장,서울특별시 송파구 방이동 212-8번지 지하1층 ,"서울특별시 송파구 오금로31길 27, 지하1층 (방이동)",2020-04-13
골프연습장업,스마트골프아카데미,서울특별시 송파구 오금동 41-23번지 성암빌딩 ,서울특별시 송파구 마천로 76 (오금동),2020-04-13
골프연습장업,골프아이 맞춤골프피팅센터,서울특별시 송파구 풍납동 413-1번지 현대@상가 지하1층 ,"서울특별시 송파구 올림픽로 525, 지하1층 (풍납동)",2020-04-13
골프연습장업,이글골프연습장,서울특별시 송파구 가락동 50-3번지 (지하) ,"서울특별시 송파구 오금로36길 63, 지하1층 (가락동)",2020-04-13
골프연습장업,청솔골프클리닉,서울특별시 송파구 삼전동 101-2번지 지하1층 ,"서울특별시 송파구 백제고분로 237, 지하1층 (삼전동)",2020-04-13
골프연습장업,문정골프클럽,서울특별시 송파구 문정동 115-6번지 ,서울특별시 송파구 새말로19길 20 (문정동),2020-04-13
골프연습장업,"골프아카데미""We""",서울특별시 송파구 방이동 126-3번지 ,서울특별시 송파구 가락로 236 (방이동),2020-04-13
골프연습장업,이글골프아카데미,서울특별시 송파구 풍납동 393-13번지 ,서울특별시 송파구 강동대로7길 3 (풍납동),2020-04-13
골프연습장업,올림픽파크텔 골프연습장,서울특별시 송파구 방이동 88-8번지 ,서울특별시 송파구 올림픽로 448 (방이동),2020-04-13
골프연습장업,베스트 골프,서울특별시 송파구 가락동 120-4번지 지하1층 ,"서울특별시 송파구 송이로 166, 지하1층층 (가락동)",2020-04-13
골프연습장업,짐퍼스트 휘트니스,서울특별시 송파구 풍납동 402-4번지 정민빌딩 3층 ,"서울특별시 송파구 토성로 78 (풍납동, 정민빌딩)",2020-04-13
골프연습장업,스카이 골프연습장,"서울특별시 송파구 오금동 50-2번지 , 지층 ","서울특별시 송파구 중대로25길 9, 지하1층 (오금동)",2020-04-13
골프연습장업,로얄로드골프하우스,서울특별시 송파구 오금동 42-5번지 지하1층 ,"서울특별시 송파구 마천로 70-16, 지하1층 (오금동)",2020-04-13
골프연습장업,D.I.P 골프클럽,서울특별시 송파구 잠실동 294-3번지 에이동 ,"서울특별시 송파구 백제고분로 122 (잠실동, 성현교회)",2020-04-13
골프연습장업,현골프아카데미,서울특별시 송파구 방이동 223-11번지 삼복빌딩 B1 ,"서울특별시 송파구 오금로31길 11, 지하1층 (방이동)",2020-04-13
골프연습장업,겟인더홀,서울특별시 송파구 가락동 199번지 가락프라자 상가지하 18호 ,"서울특별시 송파구 동남로18길 40, 지하1층 (가락동)",2020-04-13
골프연습장업,버디스크린골프존,서울특별시 송파구 오금동 2번지 대림아파트 상가 1공구  지하1층 ,"서울특별시 송파구 위례성대로 158, 지하1층 (오금동)",2020-04-13
골프연습장업,로드훠(그린연습장),서울특별시 송파구 삼전동 28-6번지 지하1층 ,"서울특별시 송파구 백제고분로 196, 지하1층 (삼전동)",2020-04-13
골프연습장업,다담 GOLF Lounge,서울특별시 송파구 마천동 33번지 지하1층 ,"서울특별시 송파구 마천로 251, 지하1층 (마천동)",2020-04-13
골프연습장업,에이원골프아카데미,서울특별시 송파구 문정동 72-3번지 건영(아) 상가동 지층 ,"서울특별시 송파구 새말로8길 14, 지하1층 (문정동)",2020-04-13
골프연습장업,SBS골프아카데미,서울특별시 송파구 오금동 164번지 우창아파트 상가 지하1층 ,"서울특별시 송파구 동남로 272, 지하1층 (오금동)",2020-04-13
골프연습장업,극동골프,서울특별시 송파구 가락동 192번지 극동(아) 상가 지하1층 ,서울특별시 송파구 동남로18길 9 (가락동),2020-04-13
골프연습장업,JJ스크린골프존,서울특별시 송파구 거여동 31-15번지 3층 ,"서울특별시 송파구 오금로 526, 3층 (거여동)",2020-04-13
골프연습장업,삼성골프스쿨,서울특별시 송파구 문정동 77-8번지 지하1층 ,"서울특별시 송파구 새말로8길 9, 지하1층 (문정동)",2020-04-13
골프연습장업,공원골프연습장(실외),서울특별시 송파구 방이동 51-1번지 6층 ,"서울특별시 송파구 백제고분로 503, 6층 (방이동)",2020-04-13
골프연습장업,나이스골프연습장,서울특별시 송파구 송파동 97-43번지 지하1층 ,"서울특별시 송파구 송파대로38길 5, 지하1층 (송파동)",2020-04-13
골프연습장업,한길골프스쿨,서울특별시 송파구 방이동 40번지 파라다이스빌 B201호(지하2층) ,"서울특별시 송파구 올림픽로 366, 지하2층 (방이동)",2020-04-13
골프연습장업,프로탑골프센터,서울특별시 송파구 방이동 164-5번지 JS빌딩 지하1층 ,"서울특별시 송파구 위례성대로12길 18, 지하1층 (방이동)",2020-04-13
골프연습장업,오클랜드골프아카데미,서울특별시 송파구 삼전동 111-3번지 지하1층 ,"서울특별시 송파구 석촌호수로 160, 지하1층 (삼전동)",2020-04-13
골프연습장업,마크짐,서울특별시 송파구 방이동 66-2번지 지하1층 ,"서울특별시 송파구 오금로 111 (방이동, 세기빌딩)",2020-04-13
골프연습장업,준스크린골프 아카데미,서울특별시 송파구 가락동 76-2번지 지층1호 ,"서울특별시 송파구 송파대로30길 39, 지하1층 B01호 (가락동, 종원빌딩)",2020-04-13
골프연습장업,방이스크린골프,서울특별시 송파구 방이동 177-3번지 지하1층 ,"서울특별시 송파구 위례성대로 48, 지하1층 (방이동)",2020-04-13
골프연습장업,골프다이제스트아카데미,서울특별시 송파구 문정동 150-23번지 지하1층 ,"서울특별시 송파구 중대로 60-6, 지하1층 (문정동)",2020-04-13
골프연습장업,F.m골프아카데미,서울특별시 송파구 문정동 41-4번지 지하1층 ,"서울특별시 송파구 동남로4길 12, 지하1층 (문정동)",2020-04-13
골프연습장업,WPGA골프연습장,서울특별시 송파구 삼전동 9-9번지 지하1층 ,"서울특별시 송파구 백제고분로 231, 지하1층 (삼전동)",2020-04-13
골프연습장업,B.S인토스크린골프아카데미,서울특별시 송파구 가락동 70-19번지 가락대림A 상가 지하1층 ,"서울특별시 송파구 송이로 88, 지하1층 (가락동)",2020-04-13
골프연습장업,PGA스크린 골프클럽,서울특별시 송파구 문정동 97번지 지하1층 ,"서울특별시 송파구 새말로 136, 지하1층 (문정동)",2020-04-13
골프연습장업,(주)옵티멈(실내외),서울특별시 송파구 신천동 7-12번지 5~10층 ,"서울특별시 송파구 올림픽로35가길 16 (신천동, 송파 FUN STADIUM)",2020-04-13
골프연습장업,US Golf 스쿨,서울특별시 송파구 거여동 289-2번지 2층 ,"서울특별시 송파구 양산로 11, 2층 (거여동)",2020-04-13
골프연습장업,인어스휘트니스,서울특별시 송파구 잠실동 175-22번지 지하2층 ,"서울특별시 송파구 올림픽로 74, 지하2층 (잠실동)",2020-04-13
골프연습장업,JWS레저산업,서울특별시 송파구 석촌동 286-5번지 지하1층 2호 ,"서울특별시 송파구 백제고분로 364, 지하1층 (석촌동)",2020-04-13
골프연습장업,A-Top골프,서울특별시 송파구 가락동 189-13번지 ,서울특별시 송파구 동남로18길 45 (가락동),2020-04-13
골프연습장업,로얄 스크린골프,서울특별시 송파구 삼전동 1-1번지 신원빌딩 B101 ,"서울특별시 송파구 석촌호수로 130, 지하1층 (삼전동)",2020-04-13
골프연습장업,우주 스크린골프,서울특별시 송파구 잠실동 209-6번지 지하1층 ,"서울특별시 송파구 석촌호수로 92, 지하1층 (잠실동)",2020-04-13
골프연습장업,나인골프스크린,서울특별시 송파구 잠실동 222-9번지 지하1층 ,"서울특별시 송파구 백제고분로 121, 지하1층 (잠실동)",2020-04-13
골프연습장업,King's 스크린골프,서울특별시 송파구 오금동 19번지 오금대림A 상가 지하1층 ,"서울특별시 송파구 마천로7길 6, 지하1층 (오금동)",2020-04-13
골프연습장업,올림픽 스크린골프,서울특별시 송파구 오금동 89-2번지 지하1층 ,"서울특별시 송파구 중대로 306, 지하1층 (오금동)",2020-04-13
골프연습장업,골프존 송파,서울특별시 송파구 방이동 210번지 지하1층 ,서울특별시 송파구 마천로 13 (방이동),2020-04-13
골프연습장업,올림픽 골프존,서울특별시 송파구 오금동 4-14번지 지하1층 ,"서울특별시 송파구 중대로 317, 지하1층 (오금동)",2020-04-13
골프연습장업,골프존 포미나 로코코,서울특별시 송파구 잠실동 196번지 올림피아빌딩 지하2층 203호 ,"서울특별시 송파구 백제고분로 75, 지하2층 (잠실동)",2020-04-13
골프연습장업,레미안스크린골프,서울특별시 송파구 문정동 9-1번지 3층 ,"서울특별시 송파구 송이로 194 (문정동, 레미안빌딩)",2020-04-13
골프연습장업,KC 스크린골프,서울특별시 송파구 가락동 16-18번지 지하1층 ,서울특별시 송파구 양재대로66길 33 (가락동),2020-04-13
골프연습장업,골프프린스,서울특별시 송파구 송파동 19-8번지 지하1층 ,"서울특별시 송파구 백제고분로 385, 지하1층 (송파동)",2020-04-13
골프연습장업,골프존 송파스크린,서울특별시 송파구 잠실동 250번지 지하1층 ,서울특별시 송파구 백제고분로19길 4 (잠실동),2020-04-13
골프연습장업,JS스크린골프,서울특별시 송파구 가락동 189-29번지 혜성빌딩 지하1층 ,"서울특별시 송파구 동남로18길 31-1, 지하1층 (가락동)",2020-04-13
골프연습장업,송파 골프연습장,서울특별시 송파구 송파동 148-3번지 지하1층 ,"서울특별시 송파구 가락로28길 15, 지하1층 (송파동)",2020-04-13
골프연습장업,제이디골프,서울특별시 송파구 잠실동 294-21번지 지하2층 및 지하3층동 ,"서울특별시 송파구 도곡로 454 (잠실동, 정도빌딩)",2020-04-13
골프연습장업,로얄스크린골프,서울특별시 송파구 방이동 110번지 송암빌딩 지하1층동 ,"서울특별시 송파구 백제고분로 446, 지하1층 (방이동)",2020-04-13
골프연습장업,문스크린골프존,서울특별시 송파구 문정동 150-35번지 3층동 ,"서울특별시 송파구 송파대로27길 30, 3층 (문정동)",2020-04-13
골프연습장업,스타리버 유스포츠,"서울특별시 송파구 신천동 11-8번지 지하2층동 B201,B202호","서울특별시 송파구 올림픽로35길 93 (신천동, 더샵스타리버)",2020-04-13
골프연습장업,상떼스크린골프,서울특별시 송파구 가락동 80번지 성원상떼빌 상가 지하1층동 B10호,"서울특별시 송파구 송파대로28길 27, 지하1층 (가락동)",2020-04-13
골프연습장업,탑스크린골프,서울특별시 송파구 문정동 55-6번지 지하1층동 ,"서울특별시 송파구 송파대로 180, 지하1층 (문정동)",2020-04-13
골프연습장업,래미안스크린골프,서울특별시 송파구 가락동 165번지 가락래미안파크팰리스 상가동 지하1층호,"서울특별시 송파구 동남로 227, 지하1층 (가락동)",2020-04-13
골프연습장업,Golf Republic,서울특별시 송파구 송파동 93-3번지 지하1층동 ,"서울특별시 송파구 백제고분로42길 28, 지하1층 (송파동)",2020-04-13
골프연습장업,뉴레이크,서울특별시 송파구 석촌동 158-2번지 보정빌딩 지하1층동 ,"서울특별시 송파구 석촌호수로 220, 지하1층 (석촌동)",2020-04-13
골프연습장업,O2 ZONE 스포츠센타,서울특별시 송파구 방이동 227-4번지 지하4층호,서울특별시 송파구 오금로 235 (방이동),2020-04-13
골프연습장업,퀸스크린골프,서울특별시 송파구 오금동 17-8번지 대경빌딩 지하1층동 ,"서울특별시 송파구 마천로 53, 지하1층 (오금동)",2020-04-13
골프연습장업,잠실스크린골프2호점,서울특별시 송파구 잠실동 195-10번지 승현빌딩 지하1층동 ,"서울특별시 송파구 백제고분로7길 8-12, 지하1층 (잠실동)",2020-04-13
골프연습장업,스타칼리 휘트니스,서울특별시 송파구 가락동 8번지 지하 1층 ,"서울특별시 송파구 오금로 306, 지하1층 (가락동)",2020-04-13
골프연습장업,가윤스크린골프,서울특별시 송파구 가락동 124-21번지 5층 ,"서울특별시 송파구 송이로 157 (가락동, 가윤웨딩뷔페)",2020-04-13
골프연습장업,FEEL 스크린골프,서울특별시 송파구 송파동 121번지 한양(아)상가 1층 ,"서울특별시 송파구 가락로 183, 1층 (송파동)",2020-04-13
골프연습장업,신천 스크린골프,서울특별시 송파구 잠실동 208-1번지 지하1층 ,"서울특별시 송파구 백제고분로17길 56, 지하1층 (잠실동)",2020-04-13
골프연습장업,알파고 골프존 방이점,서울특별시 송파구 방이동 39-2번지 신동아타워 2층 ,"서울특별시 송파구 오금로11길 33, 2층 (방이동)",2020-04-13
골프연습장업,엠파이어 휘트니스,서울특별시 송파구 잠실동 35-1번지 영동일고 ,서울특별시 송파구 석촌호수로 93 (잠실동),2020-04-13
골프연습장업,파크리오 스크린,서울특별시 송파구 신천동 17-4번지 파크리오아파트 상가 A동 312호 ,"서울특별시 송파구 올림픽로 435, 3층 (신천동)",2020-04-13
골프연습장업,아우디스크린골프존,서울특별시 송파구 잠실동 175-6번지 지하1층 ,"서울특별시 송파구 올림픽로 76, 지하1층 (잠실동)",2020-04-13
골프연습장업,LA 골프교실,서울특별시 송파구 잠실동 27번지 잠실5단지아파트 501동 309호,서울특별시 송파구 송파대로 567 (잠실동),2020-04-13
골프연습장업,골프존 평화의문 스크린골프,서울특별시 송파구 방이동 40-3번지 지하1층 ,"서울특별시 송파구 올림픽로 374, 지하1층 (방이동)",2020-04-13
골프연습장업,J 스크린골프존,서울특별시 송파구 잠실동 27-6번지 잠실5단지아파트 중앙상가 지하5-1 ,"서울특별시 송파구 올림픽로 203, 지하1층 (잠실동)",2020-04-13
골프연습장업,Y골프아카데미,서울특별시 송파구 잠실동 228-8번지 극동빌딩 B동 지하101호 ,서울특별시 송파구 백제고분로 139 (잠실동),2020-04-13
골프연습장업,TK 휘트니스 앤 컴퍼니,서울특별시 송파구 가락동 98-7번지 지하2층 ,"서울특별시 송파구 송파대로28길 13 (가락동, 거북이빌딩)",2020-04-13
골프연습장업,원탑스크린골프,서울특별시 송파구 오금동 113-3번지 지하1층 ,"서울특별시 송파구 문정로 259, 지하1층 (오금동)",2020-04-13
골프연습장업,NC 골프연습장,서울특별시 송파구 문정동 73-1번지 지하2층 ,"서울특별시 송파구 새말로8길 20, 지하2층 (문정동)",2020-04-13
골프연습장업,에스비 짐,서울특별시 송파구 가락동 78번지 아이티벤처타워 지하1층 ,"서울특별시 송파구 중대로 135 (가락동, 아이티벤처타워)",2020-04-13
골프연습장업,캡틴골프아카데미,서울특별시 송파구 가락동 73-3번지 지하1층 ,"서울특별시 송파구 송이로 108 (가락동, KR 타워)",2020-04-13
골프연습장업,버디스크린골프,서울특별시 송파구 석촌동 175-10번지 지하1층 ,서울특별시 송파구 송파대로45길 3-24 (석촌동),2020-04-13
골프연습장업,국민휘트니스-주,서울특별시 송파구 마천동 181번지 지하1층 ,"서울특별시 송파구 마천로 315 (마천동, 현대그린빌)",2020-04-13
골프연습장업,G&G스크린골프존,서울특별시 송파구 가락동 113번지 지하1층 ,"서울특별시 송파구 중대로12길 6, 지하1층 (가락동)",2020-04-13
골프연습장업,다인골프클럽,서울특별시 송파구 오금동 17-11번지 지하1층 ,"서울특별시 송파구 위례성대로20길 32 (오금동, 명현빌딩)",2020-04-13
골프연습장업,OK 스크린골프,서울특별시 송파구 가락동 191-5번지 ,서울특별시 송파구 동남로20길 24 (가락동),2020-04-13
골프연습장업,KPGA골프아카데미,서울특별시 송파구 송파동 163-20번지 지하1층 ,"서울특별시 송파구 오금로32길 28, 지하1층 (송파동)",2020-04-13
골프연습장업,스포존,서울특별시 송파구 문정동 289번지 가든파이브웍스 지하1층 ,"서울특별시 송파구 충민로 52, 지하1층 (문정동)",2020-04-13
골프연습장업,탑스크린골프존,서울특별시 송파구 가락동 123번지 백암빌딩 지하1층 ,"서울특별시 송파구 중대로 지하 150 (가락동, 백암빌딩)",2020-04-13
골프연습장업,가락스포렉스,서울특별시 송파구 가락동 600번지 가락농수산물시장 청과동 3층 911-1호 ,"서울특별시 송파구 양재대로 932, 3층 (가락동, 가락시장 청과동)",2020-04-13
골프연습장업,정광수골프연습장,서울특별시 송파구 가락동 188-8번지 지하1층 ,"서울특별시 송파구 문정로11길 24, 지하1층 (가락동)",2020-04-13
골프연습장업,하버드골프연습장,서울특별시 송파구 석촌동 226-16번지 지하1층 ,"서울특별시 송파구 가락로 23, 지하1층 (석촌동)",2020-04-13
골프연습장업,비젼9,서울특별시 송파구 방이동 34-2번지 지하102호 ,"서울특별시 송파구 오금로11길 11-8 (방이동, 현대드림밸리)",2020-04-13
골프연습장업,스타골프,서울특별시 송파구 문정동 97-4번지 지하1층 ,서울특별시 송파구 새말로 142 (문정동),2020-04-13
골프연습장업,위더스 스포츠,서울특별시 송파구 송파동 163-19번지 지하1층 ,"서울특별시 송파구 오금로32길 30, 지하1층 (송파동)",2020-04-13
골프연습장업,골프홀릭 석촌호수점,서울특별시 송파구 석촌동 1-1번지 지하2층 ,서울특별시 송파구 석촌호수로 188 (석촌동),2020-04-13
골프연습장업,모비딕스크린골프(잠실),서울특별시 송파구 방이동 24-5번지 지하1층 ,"서울특별시 송파구 오금로11길 7, 지하1층층 (방이동)",2020-04-13
골프연습장업,IT골프존,서울특별시 송파구 가락동 78번지 IT벤처타워 지하1층 B 102호,"서울특별시 송파구 중대로 135, B 102호 (가락동, 아이티벤처타워)",2020-04-13
골프연습장업,메이저골프클럽,서울특별시 송파구 문정동 150번지 지하1층 ,"서울특별시 송파구 중대로 24, 지하1층 (문정동)",2020-04-13
골프연습장업,스카이스크린골프,서울특별시 송파구 잠실동 175-9번지 B1호,"서울특별시 송파구 올림픽로 82, B1호 (잠실동)",2020-04-13
골프연습장업,잠실 골프러버,서울특별시 송파구 신천동 7번지 장미상가 B동 502호,"서울특별시 송파구 올림픽로35길 104, B동 502호 (신천동, 장미상가)",2020-04-13
골프연습장업,원 골프아카데미,"서울특별시 송파구 삼전동 133-6번지 지하1,2층 ","서울특별시 송파구 백제고분로 263, 지하1,2층 (삼전동)",2020-04-13
골프연습장업,임팩트골프연습장,서울특별시 송파구 가락동 41-3번지 ,서울특별시 송파구 오금로36길 50 (가락동),2020-04-13
골프연습장업,스카이골프,서울특별시 송파구 문정동 121-7번지 ,서울특별시 송파구 송이로31길 6 (문정동),2020-04-13
골프연습장업,석촌 핑클 스크린골프장,서울특별시 송파구 석촌동 180번지 ,"서울특별시 송파구 백제고분로39길 30 (석촌동, 성화빌딩)",2020-04-13
골프연습장업,(주)오케이골프,서울특별시 송파구 잠실동 40-1번지 롯데월드 웰빙관 8층 ,"서울특별시 송파구 올림픽로 240 (잠실동, 롯데월드)",2020-04-13
골프연습장업,골프랜드,서울특별시 송파구 잠실동 329번지 지층 ,"서울특별시 송파구 백제고분로18길 25, 지층 (잠실동)",2020-04-13
골프연습장업,문정U골프아카데미,,"서울특별시 송파구 송파대로16길 3, 지하1층 (문정동, 에이스빌딩)",2020-04-13
골프연습장업,투엑스골프앤휘트니스,,"서울특별시 송파구 올림픽로 119, 지하2층 B201호 (잠실동, 잠실파인애플상가)",2020-04-13
골프연습장업,SG스크린골프가락점,,"서울특별시 송파구 양재대로62길 21-1, 지하1층 (가락동, 범창빌딩)",2020-04-13
골프연습장업,파크하비오휘트니스&골프,,"서울특별시 송파구 송파대로 111, 하비오길 중앙로 202동 202, B01호 (문정동, 파크하비오)",2020-04-13
골프연습장업,잠실피트니스,서울특별시 송파구 신천동 7-17번지 ,"서울특별시 송파구 송파대로 562, 지하1층 (신천동, 한빛프라자,삼성웰리스아파트)",2020-04-13
골프연습장업,주식회사 이룸골프아카데미,서울특별시 송파구 삼전동 111번지 ,"서울특별시 송파구 석촌호수로 156, 지하층 (삼전동, 삼전동썬프라자)",2020-04-13
골프연습장업,한양골프,서울특별시 송파구 송파동 121번지 ,"서울특별시 송파구 가락로 183, 상가동 2층층 46,50~55호호 (송파동, 한양아파트)",2020-04-13
골프연습장업,가락투엑스골프,,"서울특별시 송파구 중대로 135 (가락동, 아이티벤처타워)",2020-04-13
골프연습장업,JM스크린골프,서울특별시 송파구 마천동 602-1번지 ,"서울특별시 송파구 성내천로47길 23, 3층 (마천동, 경진빌딩)",2020-04-13
골프연습장업,모비딕스크린골프,서울특별시 송파구 거여동 42-3번지 ,"서울특별시 송파구 거마로 14 (거여동, 청송빌딩)",2020-04-13
골프연습장업,더벙커,서울특별시 송파구 방이동 186-8번지 ,서울특별시 송파구 양재대로71길 8 (방이동),2020-04-13
골프연습장업,더 클래스 골프 스튜디오,서울특별시 송파구 가락동 75-9번지 규현빌딩 ,"서울특별시 송파구 양재대로62길 33, 2층 (가락동)",2020-04-13
골프연습장업,프라이빗 골프아카데미,서울특별시 송파구 석촌동 1-6번지 레이크캐슬 ,"서울특별시 송파구 송파대로49길 64, 레이크캐슬 지1층 (석촌동)",2020-04-13
골프연습장업,스핀볼링센터 가든5,서울특별시 송파구 문정동 632번지 가든파이브웍스 ,"서울특별시 송파구 충민로 52, 가든파이브웍스 지하1층 (문정동)",2020-04-13
골프연습장업,골프존GDR아카데미,서울특별시 송파구 문정동 644-2번지 문정현대지식산업센터1-2 ,"서울특별시 송파구 법원로11길 7, 문정현대지식산업센터1-2 지하2층 (문정동)",2020-04-13
골프연습장업,제임스짐JS,서울특별시 송파구 잠실동 101-1번지 우성아파트 ,"서울특별시 송파구 올림픽로4길 48, 프리마쇼핑센터 (잠실동)",2020-04-13
골프연습장업,문정역 테라스크린골프,서울특별시 송파구 문정동 642번지 송파 테라타워2 ,"서울특별시 송파구 송파대로 201, 송파 테라타워2 (문정동)",2020-04-13
골프연습장업,키움골프GDR아카데미 문정점,서울특별시 송파구 문정동 652-4번지 힐스테이트에코문정 ,"서울특별시 송파구 법원로4길 10, 힐스테이트에코문정 (문정동)",2020-04-13
골프연습장업,행복골프훈련소 잠실점,서울특별시 송파구 신천동 11-4번지 잠실 푸르지오 월드마크 ,"서울특별시 송파구 올림픽로35가길 9 (신천동, 잠실 푸르지오 월드마크)",2020-04-13
골프연습장업,아트골프 아카데미,서울특별시 송파구 문정동 642-3번지 문정에스케이브이원지엘메트로시티 ,"서울특별시 송파구 법원로 128, 문정에스케이브이원지엘메트로시티 지하1층 (문정동)",2020-04-13
골프연습장업,엠클럽 골프,서울특별시 송파구 석촌동 277번지 ,"서울특별시 송파구 가락로 99, 지하동 1층 1호 (석촌동)",2020-04-13
골프연습장업,스포웰짐 골프존 GDR 아카데미,서울특별시 송파구 가락동 98-7번지 거북이빌딩 ,"서울특별시 송파구 송파대로28길 13, 거북이빌딩 지하2층 (가락동)",2020-04-13
골프연습장업,티박스(TBOX),서울특별시 송파구 가락동 147-2번지 가락동 주상복합 ,"서울특별시 송파구 중대로 174 (가락동, 가락동 주상복합)",2020-04-13
골프연습장업,KS골프트레이닝센터,서울특별시 송파구 석촌동 52-9번지 ,서울특별시 송파구 송파대로49길 37 (석촌동),2020-04-13
체력단련장업,바디웍,서울특별시 송파구 가락동 2-8번지 ,서울특별시 송파구 오금로 300 (가락동),2020-04-13
체력단련장업,진웅육체미체육관,서울특별시 송파구 거여동 37-8번지 ,,2020-04-13
체력단련장업,비타민,서울특별시 송파구 석촌동 210번지 3층 ,"서울특별시 송파구 백제고분로 276, 3층 (석촌동)",2020-04-13
체력단련장업,퀸헬스클럽,서울특별시 송파구 풍납동 399-0번지 ,"서울특별시 송파구 올림픽로47길 19 (풍납동, 오성빌딩)",2020-04-13
체력단련장업,바디웍,서울특별시 송파구 오금동 18-11번지 ,서울특별시 송파구 마천로 61 (오금동),2020-04-13
체력단련장업,풍납 헬스,,"서울특별시 송파구 풍성로 65, 3층 301호 (풍납동)",2020-04-13
체력단련장업,스포애니 문정점 2호점,서울특별시 송파구 문정동 41-5번지 ,서울특별시 송파구 동남로4길 10 (문정동),2020-04-13
체력단련장업,골든짐,서울특별시 송파구 석촌동 273-5번지 ,서울특별시 송파구 가락로 94 (석촌동),2020-04-13
체력단련장업,정락신용협동조합,서울특별시 송파구 문정동 41-5번지 ,서울특별시 송파구 동남로4길 10 (문정동),2020-04-13
체력단련장업,밀레니엄 파워헬스,서울특별시 송파구 가락동 70-0번지 ,서울특별시 송파구 중대로9길 53 (가락동),2020-04-13
체력단련장업,제임스짐JS점,서울특별시 송파구 잠실동 101-1번지 우성상가지하1층 ,"서울특별시 송파구 올림픽로4길 48, 지하1층 (잠실동)",2020-04-13
체력단련장업,올림픽헬스교실,서울특별시 송파구 방이동 88-2번지 ,서울특별시 송파구 올림픽로 424 (방이동),2020-04-13
체력단련장업,Mount Gym,서울특별시 송파구 거여동 293-1번지 ,서울특별시 송파구 양산로 12 (거여동),2020-04-13
체력단련장업,가락휘트니스센터,서울특별시 송파구 가락동 97-8번지 2층 ,"서울특별시 송파구 송파대로30길 11, 2층 (가락동)",2020-04-13
체력단련장업,B&H휘트니스클럽,서울특별시 송파구 가락동 137-3번지 ,서울특별시 송파구 동남로 161 (가락동),2020-04-13
체력단련장업,현민헬스클럽,서울특별시 송파구 가락동 189-13번지 ,"서울특별시 송파구 동남로18길 45 (가락동, 용진빌딩)",2020-04-13
체력단련장업,다이나포스 휘트니스크럽,서울특별시 송파구 방이동 65-6번지 ,서울특별시 송파구 오금로 95 (방이동),2020-04-13
체력단련장업,짐스휘트니스,서울특별시 송파구 송파동 103-2번지 3.4층 ,"서울특별시 송파구 가락로 168 (송파동, 부성빌딩)",2020-04-13
체력단련장업,한성기업(주)르네상스휘트니스클럽,서울특별시 송파구 오금동 45-0번지 ,서울특별시 송파구 오금로 307 (오금동),2020-04-13
체력단련장업,슈나이더 짐,"서울특별시 송파구 문정동 29-24번지 3,4층 ",서울특별시 송파구 동남로 110 (문정동),2020-04-13
체력단련장업,스포애니 문정점,"서울특별시 송파구 가락동 108번지 지상3,4층 ","서울특별시 송파구 동남로 119 (가락동, 삼광빌딩)",2020-04-13
체력단련장업,재단법인국민체력센터,서울특별시 송파구 방이동 88-2번지 ,서울특별시 송파구 올림픽로 424 (방이동),2020-04-13
체력단련장업,국민휘트니스(주),서울특별시 송파구 마천동 181번지 아울렛코리아라이프상가 지하1층 ,"서울특별시 송파구 마천로 315 (마천동, 현대그린빌)",2020-04-13
체력단련장업,백세청춘,서울특별시 송파구 신천동 7번지 장미아파트 비상가 ,"서울특별시 송파구 올림픽로35길 112, 장미아파트 비상가 5층 (신천동)",2020-04-13
체력단련장업,우정휘트니스클럽,서울특별시 송파구 거여동 36-4번지 ,서울특별시 송파구 오금로 519 (거여동),2020-04-13
체력단련장업,웹바디,서울특별시 송파구 잠실동 193-2번지 ,"서울특별시 송파구 올림픽로8길 23 (잠실동, 보현빌딩)",2020-04-13
체력단련장업,올림픽파크텔 체력단련장,서울특별시 송파구 방이동 88-8번지 ,서울특별시 송파구 올림픽로 448 (방이동),2020-04-13
체력단련장업,H휘트니스,서울특별시 송파구 송파동 122-5번지 송파빌딩 2층 ,"서울특별시 송파구 가락로 171, 2층 (송파동)",2020-04-13
체력단련장업,짐퍼스트 휘트니스,서울특별시 송파구 풍납동 402-4번지 4층 ,"서울특별시 송파구 토성로 78 (풍납동, 정민빌딩)",2020-04-13
체력단련장업,비엔비 헬스,서울특별시 송파구 마천동 32번지 ,서울특별시 송파구 마천로 238 (마천동),2020-04-13
체력단련장업,롯데호텔 휘트니스센터,서울특별시 송파구 잠실동 40-1번지 ,"서울특별시 송파구 올림픽로 240 (잠실동, 롯데월드)",2020-04-13
체력단련장업,주식회사 스포애니잠실점,"서울특별시 송파구 삼전동 130-5번지 인터불고 6,7층 ","서울특별시 송파구 삼학사로 99, 6,7층 (삼전동, 인터불고)",2020-04-13
체력단련장업,커브스문정클럽,"서울특별시 송파구 문정동 150번지 올림픽훼밀리타운상가 1동2층 209, 210호 ","서울특별시 송파구 중대로 24, 2층 (문정동)",2020-04-13
체력단련장업,더드림 피트니스,서울특별시 송파구 송파동 8-2번지 신천빌딩 2층 ,"서울특별시 송파구 백제고분로41길 43-5, 신천빌딩 2층 (송파동)",2020-04-13
체력단련장업,(주)옵티멈,서울특별시 송파구 신천동 7-12번지 5층 ,"서울특별시 송파구 올림픽로35가길 16 (신천동, 송파 FUN STADIUM)",2020-04-13
체력단련장업,머슬팩토리,서울특별시 송파구 문정동 70-9번지 2층 ,"서울특별시 송파구 새말로 109, 2층 (문정동)",2020-04-13
체력단련장업,(주)잠실투엑스휘트니스,"서울특별시 송파구 가락동 80번지 송파성원쌍떼빌 B01, B04 ","서울특별시 송파구 송파대로28길 27 (가락동, 송파성원쌍떼빌)",2020-04-13
체력단련장업,명품휘트니스클럽,서울특별시 송파구 방이동 103-15번지 2층 ,"서울특별시 송파구 올림픽로32길 53, 2층 (방이동)",2020-04-13
체력단련장업,크로스핏거여 앤 탑스포츠클럽,서울특별시 송파구 거여동 27-4번지 6층 ,"서울특별시 송파구 오금로 508 (거여동, 스타빌딩)",2020-04-13
체력단련장업,커브스오금클럽,서울특별시 송파구 오금동 17-8번지 2층 ,"서울특별시 송파구 마천로 53, 2층 (오금동)",2020-04-13
체력단련장업,인어스휘트니스,서울특별시 송파구 잠실동 175-22번지 월드메르디앙 지하2층동 ,"서울특별시 송파구 올림픽로 74 (잠실동, 잠실월드메르디앙)",2020-04-13
체력단련장업,O2 ZONE 스포츠센타,서울특별시 송파구 방이동 227-4번지 지하3층동 ,"서울특별시 송파구 오금로 235, 지하3층 (방이동)",2020-04-13
체력단련장업,스카이 휘트니스,서울특별시 송파구 가락동 167-3번지 4층동 ,"서울특별시 송파구 오금로 410, 4층 (가락동)",2020-04-13
체력단련장업,스타칼리 휘니스트,서울특별시 송파구 가락동 8번지 지하 1층 ,"서울특별시 송파구 오금로 306, 지하1층 (가락동)",2020-04-13
체력단련장업,엠파이어 휘트니스,서울특별시 송파구 잠실동 35-1번지 영동일고 ,"서울특별시 송파구 석촌호수로 93 (잠실동, 영동일고등학교)",2020-04-13
체력단련장업,피트니스비엠,서울특별시 송파구 잠실동 175-6번지 12층 ,"서울특별시 송파구 올림픽로 76, 12층 1201,1202호 (잠실동, J타워)",2020-04-13
체력단련장업,노블휘트니스,서울특별시 송파구 신천동 20-6번지 파크리오  B상가 3층 ,"서울특별시 송파구 올림픽로 435 (신천동, 파크리오)",2020-04-13
체력단련장업,TK 휘트니스 앤 컴퍼니,서울특별시 송파구 가락동 98-7번지 지하2층 ,"서울특별시 송파구 송파대로28길 13 (가락동, 거북이빌딩)",2020-04-13
체력단련장업,NC 휘트니스,서울특별시 송파구 문정동 73-1번지 ,서울특별시 송파구 새말로8길 20 (문정동),2020-04-13
체력단련장업,에스비 짐,서울특별시 송파구 가락동 78번지 아이티벤처타워 지하1층 ,"서울특별시 송파구 중대로 135 (가락동, 아이티벤처타워)",2020-04-13
체력단련장업,커브스가락클럽,서울특별시 송파구 가락동 193-6번지 3층 ,"서울특별시 송파구 동남로 198, 3층 (가락동)",2020-04-13
체력단련장업,S 지와이엠,서울특별시 송파구 방이동 51-2번지 지하2층 ,"서울특별시 송파구 백제고분로 501, 지하2층 (방이동)",2020-04-13
체력단련장업,JUST 1 PERSONAL TRAINING,서울특별시 송파구 삼전동 111-3번지 5층 ,"서울특별시 송파구 석촌호수로 160, 5층 (삼전동)",2020-04-13
체력단련장업,슈퍼스타 휘트니스,서울특별시 송파구 풍납동 163번지 대아아파트 상가 ,서울특별시 송파구 풍성로 52 (풍납동),2020-04-13
체력단련장업,송파커브스,서울특별시 송파구 송파동 143-3번지 306호 ,"서울특별시 송파구 가락로 205, 3층 (송파동)",2020-04-13
체력단련장업,커브스 풍납클럽,서울특별시 송파구 풍납동 405-2번지 선무빌딩 201호 ,"서울특별시 송파구 토성로15길 3-3 (풍납동, 선무빌딩)",2020-04-13
체력단련장업,튼튼해짐,서울특별시 송파구 오금동 18-4번지 2층 ,"서울특별시 송파구 위례성대로20길 27, 2층 (오금동)",2020-04-13
체력단련장업,GYM1ST(짐퍼스트),서울특별시 송파구 문정동 150-26번지 훼미리샤르망 7층 ,"서울특별시 송파구 중대로 68, 7층 (문정동)",2020-04-13
체력단련장업,커브스잠실나루클럽,서울특별시 송파구 신천동 7번지 장미아파트 에이상가 ,"서울특별시 송파구 올림픽로35길 124, 장미아파트 에이상가 (신천동)",2020-04-13
체력단련장업,Back Fituess,서울특별시 송파구 가락동 36-4번지 ,"서울특별시 송파구 중대로 187 (가락동, 가락빌딩 2,3층)",2020-04-13
체력단련장업,스포존,서울특별시 송파구 문정동 289번지 가든파이브웍스 지하1층 ,"서울특별시 송파구 충민로 52, 지하1층 (문정동)",2020-04-13
체력단련장업,트리플 에스 피티짐,서울특별시 송파구 석촌동 23번지 ,"서울특별시 송파구 송파대로49길 55, 3층 (석촌동)",2020-04-13
체력단련장업,이코리아PTGYM,서울특별시 송파구 오금동 10-3번지 2층 ,"서울특별시 송파구 위례성대로22길 18, 2층 (오금동)",2020-04-13
체력단련장업,wild card 복싱짐,서울특별시 송파구 석촌동 183-3번지 3 ,"서울특별시 송파구 송파대로 471, 3층 (석촌동)",2020-04-13
체력단련장업,리복크로스핏잠실,서울특별시 송파구 송파동 32번지 지하1층 ,"서울특별시 송파구 석촌호수로 272, 지하1층 (송파동)",2020-04-13
체력단련장업,골든짐,서울특별시 송파구 잠실동 181-7번지 지하2층 ,"서울특별시 송파구 올림픽로 106 (잠실동, 상록빌딩)",2020-04-13
체력단련장업,JJ선수트레이닝센타,서울특별시 송파구 방이동 183-4번지 지하1층 ,"서울특별시 송파구 위례성대로 130, 지하1층 (방이동)",2020-04-13
체력단련장업,커브스거여클럽,서울특별시 송파구 거여동 37-3번지 거여빌딩 ,"서울특별시 송파구 오금로 507, 거여빌딩 5층 501호 (거여동)",2020-04-13
체력단련장업,머슬라이프,서울특별시 송파구 잠실동 181-9번지 10층 ,"서울특별시 송파구 올림픽로 108 (잠실동, 맥스빌딩)",2020-04-13
체력단련장업,네추럴 홍 휘트니스,서울특별시 송파구 거여동 1-1번지 4층 ,서울특별시 송파구 마천로 250 (거여동),2020-04-13
체력단련장업,데일리 피트니스,서울특별시 송파구 가락동 193-3번지 지하1층 ,"서울특별시 송파구 동남로 202 (가락동, 광성빌딩)",2020-04-13
체력단련장업,DM휘트니스,서울특별시 송파구 송파동 161번지 미성상가지하 ,서울특별시 송파구 오금로24길 13 (송파동),2020-04-13
체력단련장업,슈퍼스타 휘트니스,서울특별시 송파구 풍납동 399-1번지 402호 ,서울특별시 송파구 올림픽로47길 19 (풍납동),2020-04-13
체력단련장업,글로리짐,서울특별시 송파구 삼전동 122-5번지 201호 ,서울특별시 송파구 백제고분로31길 14 (삼전동),2020-04-13
체력단련장업,오웰,서울특별시 송파구 가락동 174-28번지 3.4층 ,서울특별시 송파구 동남로20길 25 (가락동),2020-04-13
체력단련장업,하나헬스케어,서울특별시 송파구 삼전동 48-11번지 지하1층 ,서울특별시 송파구 백제고분로 216 (삼전동),2020-04-13
체력단련장업,다이나믹짐,서울특별시 송파구 잠실동 238-18번지 ,"서울특별시 송파구 삼전로9길 21 (잠실동, 화진빌딩)",2020-04-13
체력단련장업,마크짐휘트니스,서울특별시 송파구 석촌동 290-3번지 지하1층 ,서울특별시 송파구 송파대로 405 (석촌동),2020-04-13
체력단련장업,고마운 밸런스 운동센터,서울특별시 송파구 송파동 143-2번지 4층 ,서울특별시 송파구 가락로 209 (송파동),2020-04-13
체력단련장업,제이팀,서울특별시 송파구 신천동 17-4번지 파크리오(A)상가 305호 ,서울특별시 송파구 올림픽로 435 (신천동),2020-04-13
체력단련장업,마크짐,서울특별시 송파구 방이동 66-2번지 지하1층 ,"서울특별시 송파구 오금로 111, 지하1층층 (방이동)",2020-04-13
체력단련장업,더디젤,서울특별시 송파구 삼전동 28-12번지 3층 ,서울특별시 송파구 백제고분로22길 4 (삼전동),2020-04-13
체력단련장업,티엔슈튜디오,서울특별시 송파구 삼전동 27-4번지 지하1층 ,"서울특별시 송파구 삼학사로19길 38-1, 지하1층 (삼전동)",2020-04-13
체력단련장업,Y.T휘트니센타,서울특별시 송파구 거여동 ,"서울특별시 송파구 거마로 12, 3층 (거여동, 상형빌딩)",2020-04-13
체력단련장업,식스팩,서울특별시 송파구 잠실동 294-1번지 ,서울특별시 송파구 백제고분로 116 (잠실동),2020-04-13
체력단련장업,(주)잠실투엑스 휘트니스,서울특별시 송파구 잠실동 22-6번지 지층1-19 ,"서울특별시 송파구 올림픽로 145, 지층층 1-19호 (잠실동)",2020-04-13
체력단련장업,크로스핏 치우,"서울특별시 송파구 문정동 644-2번지 현대지식산업센터C동지하2층204,205,206 ","서울특별시 송파구 법원로11길 7, C동 지하2층 204,205,206호 (문정동, 문정현대지식사업센터1-2)",2020-04-13
체력단련장업,무브먼트 짐,서울특별시 송파구 잠실동 242-10번지 청호빌딩 5층 ,"서울특별시 송파구 석촌호수로 118, 5층 (잠실동, 청호빌딩)",2020-04-13
체력단련장업,투 브로 휘트니스(Two Bro. Fitness),서울특별시 송파구 삼전동 1-2번지 삼전빌딩 지층 ,"서울특별시 송파구 삼전로 102, 지층 (삼전동, 삼전빌딩)",2020-04-13
체력단련장업,아이디얼핏,서울특별시 송파구 석촌동 1번지 그랜드빌딩 3층 ,"서울특별시 송파구 삼학사로 100, 3층 (석촌동, 그랜드빌딩)",2020-04-13
체력단련장업,청우인터엠,서울특별시 송파구 석촌동 235-17번지 지하1층 ,"서울특별시 송파구 백제고분로34길 3, 지하1층 (석촌동)",2020-04-13
체력단련장업,(주)스포애니사투 송파점,"서울특별시 송파구 송파동 142-8번지 3,4층 가동 ","서울특별시 송파구 오금로 204, 가동 3,4층 (송파동)",2020-04-13
체력단련장업,RESTART GYM,서울특별시 송파구 삼전동 1-4번지 아카데미빌딩 204호,"서울특별시 송파구 삼전로 100, 204호 (삼전동, 아카데미빌딩)",2020-04-13
체력단련장업,SAM'S PT GYM,서울특별시 송파구 문정동 55번지 해성빌딩 ,"서울특별시 송파구 송파대로22길 4, 해성빌딩 3층 (문정동)",2020-04-13
체력단련장업,핏존,서울특별시 송파구 석촌동 296-2번지 신우빌딩 ,"서울특별시 송파구 가락로 114, 신우빌딩 6층 (석촌동)",2020-04-13
체력단련장업,더슬림핏ems짐,서울특별시 송파구 문정동 31-6번지 브이빌딩 2층 ,"서울특별시 송파구 동남로4길 31-1, 2층 (문정동, 브이빌딩)",2020-04-13
체력단련장업,휘트니스 바디,서울특별시 송파구 방이동 160번지 ,서울특별시 송파구 가락로 278 (방이동),2020-04-13
체력단련장업,Dr.Line PT GYM,서울특별시 송파구 송파동 89-5번지 ,서울특별시 송파구 송파대로 406 (송파동),2020-04-13
체력단련장업,슈퍼스타 휘트니스,서울특별시 송파구 풍납동 269-30번지 ,서울특별시 송파구 토성로 21 (풍납동),2020-04-13
체력단련장업,Crossfit 피어스 배틀,서울특별시 송파구 잠실동 192-10번지 ,서울특별시 송파구 올림픽로10길 16 (잠실동),2020-04-13
체력단련장업,우일태권도,서울특별시 송파구 마천동 596번지 ,서울특별시 송파구 성내천로47길 38-1 (마천동),2020-04-13
체력단련장업,(주)스포애니 신천,서울특별시 송파구 잠실동 181-2번지 ,서울특별시 송파구 올림픽로 98 (잠실동),2020-04-13
체력단련장업,크로스핏 어썸,서울특별시 송파구 잠실동 181-3번지 ,서울특별시 송파구 올림픽로 100 (잠실동),2020-04-13
체력단련장업,BodyCafe,서울특별시 송파구 방이동 207-2번지 5층 ,서울특별시 송파구 위례성대로18길 31-12 (방이동),2020-04-13
체력단련장업,Q gym,서울특별시 송파구 가락동 99-7번지 ,서울특별시 송파구 중대로 105 (가락동),2020-04-13
체력단련장업,퍼스트 휘트니스,서울특별시 송파구 문정동 116-4번지 ,서울특별시 송파구 송이로 239 (문정동),2020-04-13
체력단련장업,바디플래너,서울특별시 송파구 잠실동 242번지 ,서울특별시 송파구 석촌호수로 100 (잠실동),2020-04-13
체력단련장업,위너핏,서울특별시 송파구 방이동 208-1번지 ,서울특별시 송파구 마천로 25 (방이동),2020-04-13
체력단련장업,올림픽선수촌스포츠센타,서울특별시 송파구 방이동 89-11번지 ,서울특별시 송파구 양재대로 1222 (방이동),2020-04-13
체력단련장업,크로스핏앤서,서울특별시 송파구 오금동 3-1번지 ,서울특별시 송파구 위례성대로 180 (오금동),2020-04-13
체력단련장업,레벨텐,서울특별시 송파구 석촌동 210-9번지 ,서울특별시 송파구 백제고분로 288 (석촌동),2020-04-13
체력단련장업,코치짐,서울특별시 송파구 방이동 226-7번지 ,"서울특별시 송파구 오금로 247 (방이동, 건양빌딩)",2020-04-13
체력단련장업,Y&T 휘트니스센타,서울특별시 송파구 오금동 150-4번지 ,"서울특별시 송파구 동남로 286 (오금동, 영재사관학원)",2020-04-13
체력단련장업,더 랩스 피트니스 삼전,서울특별시 송파구 삼전동 33번지 ,"서울특별시 송파구 삼전로 46 (삼전동, 삼삼빌딩)",2020-04-13
체력단련장업,운동하는남자&운동하는여자,서울특별시 송파구 가락동 46-14번지 ,"서울특별시 송파구 오금로36길 60 (가락동, 에이스빌딩)",2020-04-13
체력단련장업,휴메이크 휘트니스,서울특별시 송파구 석촌동 14-7번지 ,서울특별시 송파구 백제고분로 275 (석촌동),2020-04-13
체력단련장업,카이로바른척추교정,서울특별시 송파구 잠실동 44-3번지 310호,"서울특별시 송파구 석촌호수로 135, 3층 310호 (잠실동, 레이크팰리스)",2020-04-13
체력단련장업,V-GYM,서울특별시 송파구 풍납동 401-4번지 ,"서울특별시 송파구 올림픽로 505 (풍납동, 유원빌딩)",2020-04-13
체력단련장업,몸 PT,서울특별시 송파구 잠실동 22-6번지 리센츠상가 5층 03호,"서울특별시 송파구 올림픽로 145, 리센츠상가 5층 03호 (잠실동)",2020-04-13
체력단련장업,바디웍,서울특별시 송파구 오금동 18-1번지 ,"서울특별시 송파구 위례성대로20길 23, 3층 (오금동, 신승빌딩)",2020-04-13
체력단련장업,Fitness Dagym (휘트니스 다짐),서울특별시 송파구 방이동 126번지 지하1층 ,"서울특별시 송파구 가락로 244 (방이동, 동원빌딩)",2020-04-13
체력단련장업,라이즈 업,서울특별시 송파구 문정동 70-12번지 ,"서울특별시 송파구 새말로 105 (문정동, 현석빌딩)",2020-04-13
체력단련장업,DK 휘트니스,서울특별시 송파구 거여동 42-3번지 ,"서울특별시 송파구 거마로 14 (거여동, 청송빌딩)",2020-04-13
체력단련장업,스타리버 유스포츠,서울특별시 송파구 신천동 11-8번지 ,"서울특별시 송파구 올림픽로35길 93 (신천동, 더샵스타리버)",2020-04-13
체력단련장업,다이나믹 짐,서울특별시 송파구 잠실동 195-10번지 ,"서울특별시 송파구 백제고분로7길 8-12 (잠실동, 승현빌딩)",2020-04-13
체력단련장업,콕스다이어트,서울특별시 송파구 문정동 83-22번지 ,서울특별시 송파구 새말로 114 (문정동),2020-04-13
체력단련장업,삼전W짐,서울특별시 송파구 삼전동 28-22번지 ,"서울특별시 송파구 백제고분로 202 (삼전동, 두레빌딩)",2020-04-13
체력단련장업,다이나믹짐,서울특별시 송파구 잠실동 35-2번지 상가 B110호,"서울특별시 송파구 석촌호수로 61, 상가동 B110호 (잠실동, 트리지움)",2020-04-13
체력단련장업,Refresh PT Gym,서울특별시 송파구 송파동 162번지 송파삼성래미안아파트상가 101동 208호,"서울특별시 송파구 오금로32길 14, 101동 208-2호 (송파동, 송파삼성래미안아파트)",2020-04-13
체력단련장업,MUTO FIT,서울특별시 송파구 신천동 11-4번지 B01호,"서울특별시 송파구 올림픽로35가길 9, B01호 (신천동, 잠실 푸르지오 월드마크)",2020-04-13
체력단련장업,휴메이크 휘트니스,서울특별시 송파구 잠실동 209-5번지 4층 ,"서울특별시 송파구 석촌호수로 88, 4층 (잠실동, 대원빌딩)",2020-04-13
체력단련장업,더블비짐,서울특별시 송파구 오금동 40-20번지 지하 ,"서울특별시 송파구 마천로8길 21, 지하층 (오금동)",2020-04-13
체력단련장업,더 웰짐,서울특별시 송파구 오금동 46-2번지 ,서울특별시 송파구 오금로35길 14 (오금동),2020-04-13
체력단련장업,유프리아 휘트니스,서울특별시 송파구 방이동 210번지 3층 ,"서울특별시 송파구 마천로 13, 3층 (방이동)",2020-04-13
체력단련장업,리복크로스핏문정,서울특별시 송파구 문정동 42-2번지 지하1층 1호,"서울특별시 송파구 동남로 108, 지하1층 1호 (문정동, 모즈아울렛)",2020-04-13
체력단련장업,얼라인 프라이빗 짐,,"서울특별시 송파구 마천로 35, 3호 (방이동, 태웅빌딩)",2020-04-13
체력단련장업,Elite training center,,"서울특별시 송파구 위례성대로 52, 지하1층 (방이동)",2020-04-13
체력단련장업,MVM,,"서울특별시 송파구 새말로 62, 지하1층 B06호 (문정동, 송파 푸르지오시티)",2020-04-13
체력단련장업,탐 프라이빗짐 잠실점,,"서울특별시 송파구 백제고분로 122, A동 2층 (잠실동, 성현교회)",2020-04-13
체력단련장업,파크하비오휘트니스&골프,,"서울특별시 송파구 송파대로 111, 하비오길 중앙로 202동 202, B01호 (문정동, 파크하비오)",2020-04-13
체력단련장업,IGYM(아이짐),서울특별시 송파구 문정동 651번지 ,"서울특별시 송파구 송파대로 167, 지하층 G180호 (문정동, 문정역테라타워)",2020-04-13
체력단련장업,잠실피트니스,서울특별시 송파구 신천동 7-17번지 ,"서울특별시 송파구 송파대로 562, 지하1층 (신천동, 한빛프라자,삼성웰리스아파트)",2020-04-13
체력단련장업,라이프피티센터(Life PT Center),서울특별시 송파구 오금동 11번지 ,"서울특별시 송파구 양재대로72길 15, 상가2동 지하층 비101호 (오금동, 현대백조아파트)",2020-04-13
체력단련장업,짐퍼스트 법조타운,서울특별시 송파구 문정동 643-1번지 ,"서울특별시 송파구 법원로 114 (문정동, 엠스테이트)",2020-04-13
체력단련장업,트레이닝타임,서울특별시 송파구 송파동 15번지 ,"서울특별시 송파구 송파대로 468 (송파동, 금남빌딩)",2020-04-13
체력단련장업,짐포유(GYM FOR U),서울특별시 송파구 방이동 110-3번지 ,서울특별시 송파구 백제고분로 460 (방이동),2020-04-13
체력단련장업,헬스토피아(WE),서울특별시 송파구 삼전동 182-14번지 ,"서울특별시 송파구 삼학사로 31 (삼전동, 그나라빌딩)",2020-04-13
체력단련장업,무브 360,서울특별시 송파구 신천동 29번지 ,"서울특별시 송파구 올림픽로 300, 6층 (신천동)",2020-04-13
체력단련장업,서세환 짐,서울특별시 송파구 잠실동 222-8번지 덕원빌딩 ,"서울특별시 송파구 백제고분로 119, 덕원빌딩 지하1층 (잠실동)",2020-04-13
체력단련장업,코어파이브짐,서울특별시 송파구 송파동 47-6번지 유정빌딩 ,"서울특별시 송파구 백제고분로 419, 유정빌딩 지하1, 지상2층 (송파동)",2020-04-13
체력단련장업,바디클락,"서울특별시 송파구 문정동 620번지 송파 푸르지오시티상가 220,221호 ","서울특별시 송파구 새말로 62, 송파 푸르지오시티 (문정동)",2020-04-13
체력단련장업,아미부트캠프,서울특별시 송파구 송파동 58번지 대성빌딩 ,"서울특별시 송파구 석촌호수로 296, 대성빌딩 (송파동)",2020-04-13
체력단련장업,피오,서울특별시 송파구 송파동 16-1번지 덕원빌딩 ,"서울특별시 송파구 백제고분로41길 15, 덕원빌딩 (송파동)",2020-04-13
체력단련장업,퍼포먼스 피지오 트레이닝 센터(Perform Physio),서울특별시 송파구 문정동 642번지 ,"서울특별시 송파구 송파대로 201, 송파테라타워2 B동 204호 (문정동)",2020-04-13
체력단련장업,젠틀브로스짐,서울특별시 송파구 삼전동 111번지 삼전동썬프라자 ,"서울특별시 송파구 석촌호수로 156, 삼전동썬프라자 (삼전동)",2020-04-13
체력단련장업,근육터짐 지방빠짐 2호점,서울특별시 송파구 삼전동 131-5번지 서울빌딩 ,"서울특별시 송파구 삼학사로 81, 서울빌딩 (삼전동)",2020-04-13
체력단련장업,제스트 컨디셔닝 센터 (Zest conditioning center),서울특별시 송파구 석촌동 173번지 ,"서울특별시 송파구 백제고분로37길 4, 현도빌딩2층 (석촌동)",2020-04-13
체력단련장업,이모션 짐,서울특별시 송파구 잠실동 176-4번지 ,서울특별시 송파구 백제고분로7길 3 (잠실동),2020-04-13
체력단련장업,아이디얼바디(IDEAL BODY),서울특별시 송파구 방이동 45-2번지 금복빌딩 지하1층 ,"서울특별시 송파구 위례성대로 18, 금복빌딩 (방이동)",2020-04-13
체력단련장업,더랩스휘트니스석촌,서울특별시 송파구 석촌동 286-5번지 지하1층 ,"서울특별시 송파구 백제고분로 364, 대준빌딩 (석촌동)",2020-04-13
체력단련장업,바디퍼포먼스짐,서울특별시 송파구 가락동 166-10번지 진넥스베르디엠 ,"서울특별시 송파구 동남로 234, 진넥스베르디엠 2층 (가락동)",2020-04-13
체력단련장업,크로스핏 힙스터 (Crossfit Hipster),서울특별시 송파구 문정동 111-9번지 MK빌딩 ,"서울특별시 송파구 새말로 177, MK빌딩 (문정동)",2020-04-13
체력단련장업,LOFT GYM,서울특별시 송파구 잠실동 181-9번지 맥스빌딩 ,"서울특별시 송파구 올림픽로 108, 맥스빌딩 10층 (잠실동)",2020-04-13
체력단련장업,프리허그 피트니스클럽,서울특별시 송파구 석촌동 52-9번지 ,"서울특별시 송파구 송파대로49길 37, 6층 (석촌동)",2020-04-13
체력단련장업,스포웰짐,서울특별시 송파구 문정동 642-3번지 문정에스케이브이원지엘메트로시티 ,"서울특별시 송파구 법원로 128, 문정에스케이브이원지엘메트로시티 (문정동)",2020-04-13
체력단련장업,H2GYM (에치치투짐),서울특별시 송파구 잠실동 184-4번지 ,서울특별시 송파구 올림픽로 120 (잠실동),2020-04-13
체력단련장업,DOUBLE S GYM,서울특별시 송파구 방이동 108-10번지 성보빌딩 ,"서울특별시 송파구 백제고분로 455, 성보빌딩 2층 (방이동)",2020-04-13
체력단련장업,리키PT STUDIO,서울특별시 송파구 문정동 652-5번지 문정아이파크 ,"서울특별시 송파구 법원로4길 6, 문정아이파크 3층 (문정동)",2020-04-13
체력단련장업,허니짐 김성권 P.T,서울특별시 송파구 잠실동 19-9번지 잠실파인애플상가 ,"서울특별시 송파구 올림픽로 119, 잠실파인애플상가 4층 (잠실동)",2020-04-13
체력단련장업,3B휘트니스,서울특별시 송파구 삼전동 5번지 ,"서울특별시 송파구 삼전로 84, 지하1층 (삼전동)",2020-04-13
체력단련장업,힛더짐,서울특별시 송파구 문정동 9-1번지 레미안빌딩 ,"서울특별시 송파구 송이로 194, 레미안빌딩 6층 (문정동)",2020-04-13
체력단련장업,문정법조타운점 스포애니 (주)케이디스포츠,서울특별시 송파구 문정동 652-2번지 문정 오벨리스크 ,"서울특별시 송파구 송파대로 145, 문정 오벨리스크 (문정동)",2020-04-13
체력단련장업,GREEN DAY GYM,서울특별시 송파구 삼전동 28-11번지 에스엔씨빌딩 ,"서울특별시 송파구 백제고분로 204, 에스엔씨빌딩 (삼전동)",2020-04-13
체력단련장업,삼손헬스,서울특별시 송파구 삼전동 1-5번지 ,서울특별시 송파구 삼전로 96 (삼전동),2020-04-13
체력단련장업,제스트,서울특별시 송파구 석촌동 173번지 ,"서울특별시 송파구 백제고분로37길 4, 2층 (석촌동)",2020-04-13
체력단련장업,The third Place,서울특별시 송파구 삼전동 29-10번지 지하1층 ,"서울특별시 송파구 백제고분로22길 4-11, 지하1층 (삼전동)",2020-04-13
체력단련장업,채움 P.T,서울특별시 송파구 문정동 106-8번지 형정빌딩 201호,"서울특별시 송파구 송이로30길 19, 201호 (문정동, 형정빌딩)",2020-04-13
체력단련장업,아이디얼 필라테스,서울특별시 송파구 석촌동 1번지 그랜드빌딩 ,"서울특별시 송파구 삼학사로 100, 그랜드빌딩 3층 301호 (석촌동)",2020-04-13
체력단련장업,부스터 9 (Booster 9),서울특별시 송파구 방이동 210번지 ,"서울특별시 송파구 마천로 13, 3층 301호 (방이동)",2020-04-13
체력단련장업,CLUB GYM,서울특별시 송파구 방이동 159-15번지 ,"서울특별시 송파구 가락로 273, 102호 (방이동)",2020-04-13
체력단련장업,크로스핏 송파,서울특별시 송파구 송파동 131-1번지 ,서울특별시 송파구 백제고분로46길 14 (송파동),2020-04-13
체력단련장업,one's body,서울특별시 송파구 송파동 59-8번지 청양빌딩 ,"서울특별시 송파구 오금로 136, 청양빌딩 (송파동)",2020-04-13
,장미에어로빅,서울특별시 송파구 신천동 7-0번지 B2상가 ,,2020-04-13
,영에어로빅,서울특별시 송파구 마천동 211-37번지 ,,2020-04-13
,쌍용올림픽에어로빅,서울특별시 송파구 가락동 140번지 상가 28동 201호,,2020-04-13
,향군회관에어로빅,서울특별시 송파구 신천동 7-13번지 ,,2020-04-13
,미래에어로빅,서울특별시 송파구 마천동 76-2번지 ,,2020-04-13
,(주)한배엔터테인먼트,서울특별시 송파구 방이동 88-8번지 7통1반 ,,2020-04-13
,헤렌 휘트니스 파크,서울특별시 송파구 잠실동 198-0번지 (지하1층) ,"서울특별시 송파구 백제고분로9길 10  (잠실동,(지하1층))",2020-04-13
,이지에어로빅,서울특별시 송파구 방이동 1353번지 지층 ,,2020-04-13
,나인댄스스쿨,서울특별시 송파구 가락동 164번지 ,서울특별시 송파구 중대로20길 49 (가락동),2020-04-13
,엑스스포츠(주),서울특별시 송파구 풍납동 163번지 대아(아) 101동 상가동 지층 18~24호 ,,2020-04-13
,Anna B. Academy,서울특별시 송파구 잠실동 186-10번지 3층 ,"서울특별시 송파구 백제고분로9길 47 (잠실동,3층)",2020-04-13
,휘트니스플러스,서울특별시 송파구 잠실동 234-7번지 5층 ,"서울특별시 송파구 백제고분로 159  (잠실동,5층)",2020-04-13
당구장업,원당구장,서울특별시 송파구 마천동 128-83번지 ,서울특별시 송파구 마천로45길 8 (마천동),2020-04-13
당구장업,U당구클럽,서울특별시 송파구 송파동 135-18번지 지하1층 ,"서울특별시 송파구 백제고분로 426 (송파동, 백양빌딩)",2020-04-13
당구장업,코끼리,서울특별시 송파구 삼전동 128-1번지 ,"서울특별시 송파구 삼학사로19길 7 (삼전동, 동화빌딩)",2020-04-13
당구장업,천재,서울특별시 송파구 풍납동 399번지 ,"서울특별시 송파구 올림픽로47길 19 (풍납동, 오성빌딩)",2020-04-13
당구장업,올림픽,서울특별시 송파구 석촌동 15번지 ,서울특별시 송파구 백제고분로 293  (석촌동),2020-04-13
당구장업,보람,서울특별시 송파구 문정동 31번지 ,서울특별시 송파구 동남로4길 25  (문정동),2020-04-13
당구장업,삼진,서울특별시 송파구 삼전동 119-26번지 ,"서울특별시 송파구 삼학사로13길 15 (삼전동, 달성빌딩)",2020-04-13
당구장업,준당구클럽,서울특별시 송파구 송파동 141-3번지 지하1층 ,서울특별시 송파구 오금로 188 (송파동),2020-04-13
당구장업,프로2000당구장,서울특별시 송파구 가락동 175-12번지 2층 ,서울특별시 송파구 오금로46길 5 (가락동),2020-04-13
당구장업,SBS당구클럽,서울특별시 송파구 거여동 133-12번지 ,서울특별시 송파구 거마로 51 (거여동),2020-04-13
당구장업,오페라당구장,서울특별시 송파구 가락동 96-12번지 ,"서울특별시 송파구 송파대로 286 (가락동, 신흥빌딩)",2020-04-13
당구장업,레이크당구장,서울특별시 송파구 석촌동 157번지 3층 ,"서울특별시 송파구 송파대로49길 33, 3층 (석촌동)",2020-04-13
당구장업,스타당구클럽,서울특별시 송파구 가락동 2-8번지 ,서울특별시 송파구 오금로 300 (가락동),2020-04-13
당구장업,아트 당구장,서울특별시 송파구 오금동 85-6번지 2층 ,"서울특별시 송파구 마천로15길 5, 2층 (오금동)",2020-04-13
당구장업,소라당구장,서울특별시 송파구 풍납동 162-49번지 2층 ,서울특별시 송파구 풍성로 55 (풍납동),2020-04-13
당구장업,귀빈당구장,"서울특별시 송파구 방이동 206-1번지 ,2층 ",서울특별시 송파구 위례성대로18길 27-10 (방이동),2020-04-13
당구장업,원,서울특별시 송파구 방이동 113-4번지 ,"서울특별시 송파구 백제고분로48길 16 (방이동, 금호빌딩)",2020-04-13
당구장업,New 지펠당구장,서울특별시 송파구 가락동 18-11번지 ,"서울특별시 송파구 오금로36길 15 (가락동, 신영빌딩)",2020-04-13
당구장업,풍납당구장,서울특별시 송파구 풍납동 130-9번지 ,서울특별시 송파구 바람드리길 26 (풍납동),2020-04-13
당구장업,허슬러당구장,서울특별시 송파구 가락동 107-17번지 ,서울특별시 송파구 동남로 117 (가락동),2020-04-13
당구장업,24시코끼리당구장,서울특별시 송파구 방이동 37-2번지 3층 ,"서울특별시 송파구 오금로11길 23 (방이동, 신아빌딩)",2020-04-13
당구장업,제우스당구장,서울특별시 송파구 석촌동 296-2번지 ,"서울특별시 송파구 가락로 114 (석촌동, 신우빌딩)",2020-04-13
당구장업,선방당구장,서울특별시 송파구 거여동 31-16번지 ,"서울특별시 송파구 오금로 528 (거여동, 영채빌딩)",2020-04-13
당구장업,한빛당구장,서울특별시 송파구 신천동 7-17번지 지하1층 115호 ,"서울특별시 송파구 송파대로 562 (신천동, 한빛프라자,삼성웰리스아파트)",2020-04-13
당구장업,건영당구장,서울특별시 송파구 문정동 77-7번지 ,"서울특별시 송파구 새말로8길 지하 11 (문정동, 건영빌딩)",2020-04-13
당구장업,올림픽당구장,서울특별시 송파구 삼전동 5-4번지 지하1층 ,"서울특별시 송파구 삼전로 78 (삼전동, 현대빌딩)",2020-04-13
당구장업,지도당구장,서울특별시 송파구 송파동 143-2번지 지하1층 ,"서울특별시 송파구 가락로 209 (송파동, 사이언스빌딩)",2020-04-13
당구장업,허리우드당구장,서울특별시 송파구 잠실동 195번지 3층 ,서울특별시 송파구 백제고분로7길 6 (잠실동),2020-04-13
당구장업,솔당구장,서울특별시 송파구 가락동 98-7번지 ,"서울특별시 송파구 송파대로28길 13 (가락동, 거북이빌딩)",2020-04-13
당구장업,뉴필리당구장,서울특별시 송파구 마천동 127-9번지 ,서울특별시 송파구 마천로 281 (마천동),2020-04-13
당구장업,A+당구장,서울특별시 송파구 오금동 120-7번지 ,서울특별시 송파구 동남로 318 (오금동),2020-04-13
당구장업,우정당구장,서울특별시 송파구 석촌동 161-4번지 ,"서울특별시 송파구 백제고분로39길 31, 지하1층 (석촌동)",2020-04-13
당구장업,에스피당구클럽,서울특별시 송파구 풍납동 257-98번지 2층 ,"서울특별시 송파구 토성로 26 (풍납동, 강진빌딩)",2020-04-13
당구장업,귀빈당구장,서울특별시 송파구 석촌동 232번지 30통3반 (지1층) ,서울특별시 송파구 백제고분로34길 13 (석촌동),2020-04-13
당구장업,따봉당구장,서울특별시 송파구 방이동 219-7번지 ,"서울특별시 송파구 오금로31길 17 (방이동, 남영빌딩)",2020-04-13
당구장업,은하,서울특별시 송파구 석촌동 294-5번지 ,"서울특별시 송파구 백제고분로40길 31 (석촌동, 신세계빌딩)",2020-04-13
당구장업,우정당구장,서울특별시 송파구 석촌동 285-5번지 지하1층 ,"서울특별시 송파구 백제고분로40길 4 (석촌동, 옥당빌딩)",2020-04-13
당구장업,큐당구장,서울특별시 송파구 신천동 7번지 장미비상가 ,"서울특별시 송파구 올림픽로35길 112 (신천동, 장미아파트 비상가)",2020-04-13
당구장업,스포츠당구장,서울특별시 송파구 가락동 31번지 지하1층 ,"서울특별시 송파구 송이로17길 40 (가락동, 영흥빌딩)",2020-04-13
당구장업,JJ당구클럽,서울특별시 송파구 가락동 76번지 가락빌딩 지하1층 ,"서울특별시 송파구 양재대로62길 47, 지하1층 (가락동, 가락빌딩)",2020-04-13
당구장업,스마일당구장,서울특별시 송파구 오금동 23-3번지 2층 ,"서울특별시 송파구 마천로 79, 2층 (오금동)",2020-04-13
당구장업,밀레니엄당구장,서울특별시 송파구 거여동 546번지 지하 ,서울특별시 송파구 오금로64길 3 (거여동),2020-04-13
당구장업,홍당구장,서울특별시 송파구 방이동 180번지 ,"서울특별시 송파구 백제고분로 498 (방이동, 스카이에듀학원)",2020-04-13
당구장업,Vip당구장,서울특별시 송파구 잠실동 294-4번지 ,"서울특별시 송파구 백제고분로 126 (잠실동, 오룡빌딩)",2020-04-13
당구장업,스포츠당구장,서울특별시 송파구 문정동 68-10번지 21통7반 ,서울특별시 송파구 문정로4길 34 (문정동),2020-04-13
당구장업,큐당구장,서울특별시 송파구 방이동 119번지 3층 ,서울특별시 송파구 백제고분로48길 22 (방이동),2020-04-13
당구장업,예준당구클럽,서울특별시 송파구 방이동 28-7번지 4층 ,"서울특별시 송파구 오금로11길 11 (방이동, 천일빌딩)",2020-04-13
당구장업,코끼리당구장,서울특별시 송파구 잠실동 210-53번지 지하1층 ,"서울특별시 송파구 석촌호수로12길 1-6, 지하1층 (잠실동)",2020-04-13
당구장업,현 당구장,서울특별시 송파구 방이동 135-5번지 지하1층 ,"서울특별시 송파구 가락로 248 (방이동, 화성빌딩)",2020-04-13
당구장업,에이스,서울특별시 송파구 마천동 287-1번지 지하1층 ,"서울특별시 송파구 성내천로 300, 지하1층 (마천동)",2020-04-13
당구장업,영화당구클럽,서울특별시 송파구 오금동 18번지 ,서울특별시 송파구 양재대로72길 8 (오금동),2020-04-13
당구장업,당구마을,서울특별시 송파구 방이동 105번지 ,"서울특별시 송파구 올림픽로32길 56 (방이동, 동우빌딩)",2020-04-13
당구장업,SBS당구장,서울특별시 송파구 가락동 91-8번지 지하1층 ,"서울특별시 송파구 양재대로62길 22, 지하1층 (가락동)",2020-04-13
당구장업,황제 당구장,서울특별시 송파구 마천동 182-2번지 ,"서울특별시 송파구 마천로51길 2 (마천동, 수정빌딩)",2020-04-13
당구장업,둘리당구장,서울특별시 송파구 문정동 36번지 지층 ,서울특별시 송파구 동남로6길 39 (문정동),2020-04-13
당구장업,마스타 당구클럽,서울특별시 송파구 오금동 114-25번지 2층 ,"서울특별시 송파구 마천로 197, 2층 (오금동)",2020-04-13
당구장업,ONE 당구장,"서울특별시 송파구 잠실동 203번지 , 영우빌딩3층 ",서울특별시 송파구 백제고분로9길 30 (잠실동),2020-04-13
당구장업,씨티당구장,서울특별시 송파구 잠실동 185-5번지 2층 ,"서울특별시 송파구 백제고분로7길 52, 2층 (잠실동)",2020-04-13
당구장업,Win 당구클럽,"서울특별시 송파구 송파동 21-7번지 , 지하1층 ","서울특별시 송파구 백제고분로41길 6-7 (송파동, 홍우빌딩)",2020-04-13
당구장업,대박 당구장,서울특별시 송파구 가락동 72-6번지 지하1층 ,서울특별시 송파구 송이로 102 (가락동),2020-04-13
당구장업,나이스당구장,서울특별시 송파구 방이동 70번지 유성빌딩 3층 ,"서울특별시 송파구 올림픽로32길 29 (방이동, 유성빌딩)",2020-04-13
당구장업,월드컵당구클럽,서울특별시 송파구 송파동 19-7번지 지하1층 ,"서울특별시 송파구 백제고분로 383 (송파동, 성일빌딩)",2020-04-13
당구장업,허슬러당구클럽,서울특별시 송파구 삼전동 72-14번지 지하1층 ,"서울특별시 송파구 백제고분로32길 6 (삼전동, 수배빌딩)",2020-04-13
당구장업,스포츠당구장,서울특별시 송파구 방이동 187-8번지 지하1층 ,"서울특별시 송파구 양재대로71길 14 (방이동, 우민빌딩)",2020-04-13
당구장업,시그마당구장2,"서울특별시 송파구 신천동 7-19번지 시그마타워 지하 101-1, 101-2 ","서울특별시 송파구 올림픽로 289, 지하1층 (신천동, 잠실시그마타워)",2020-04-13
당구장업,보글당구장,서울특별시 송파구 방이동 36-3번지 5층 ,"서울특별시 송파구 올림픽로32길 9 (방이동, 방은빌딩)",2020-04-13
당구장업,스타당구장,서울특별시 송파구 오금동 72-9번지 3층 ,"서울특별시 송파구 마천로 138, 3층 (오금동)",2020-04-13
당구장업,DS캐롬클럽,서울특별시 송파구 잠실동 234-18번지 ,"서울특별시 송파구 백제고분로 163 (잠실동, 명성빌딩)",2020-04-13
당구장업,모두당구큐,서울특별시 송파구 방이동 63-11번지 3층 ,"서울특별시 송파구 올림픽로32길 20, 3층 (방이동)",2020-04-13
당구장업,스마일 당구장,서울특별시 송파구 잠실동 190-2번지 3층 ,"서울특별시 송파구 백제고분로7길 24-11, 3층 (잠실동)",2020-04-13
당구장업,매니아당구클럽,서울특별시 송파구 방이동 103-15번지 3층 ,"서울특별시 송파구 올림픽로32길 53 (방이동, 경우빌딩)",2020-04-13
당구장업,월드당구장,서울특별시 송파구 잠실동 183-1번지 3층 ,"서울특별시 송파구 백제고분로7길 39, 3층 (잠실동)",2020-04-13
당구장업,가이드 당구클럽,서울특별시 송파구 거여동 21-8번지 지하1층 ,"서울특별시 송파구 오금로 493 (거여동, 송파유통센타)",2020-04-13
당구장업,월드컵 당구장,서울특별시 송파구 잠실동 208-1번지 3층 ,"서울특별시 송파구 백제고분로17길 56, 3층 (잠실동)",2020-04-13
당구장업,영화 당구클럽,서울특별시 송파구 오금동 18-1번지 5층 ,"서울특별시 송파구 위례성대로20길 23, 5층 (오금동)",2020-04-13
당구장업,킹당구장,서울특별시 송파구 거여동 42-12번지 지하1층 ,"서울특별시 송파구 거마로 12, 지하1층 (거여동)",2020-04-13
당구장업,계림당구클럽,서울특별시 송파구 잠실동 222-10번지 지하1층 ,"서울특별시 송파구 올림픽로10길 58, 지하1층 (잠실동)",2020-04-13
당구장업,JJ당구클럽,서울특별시 송파구 송파동 84-4번지 지하1층 ,"서울특별시 송파구 백제고분로 382, 지하1층 (송파동)",2020-04-13
당구장업,프로2000당구장,서울특별시 송파구 방이동 203-4번지 2층 ,서울특별시 송파구 위례성대로18길 28 (방이동),2020-04-13
당구장업,씨티당구장,서울특별시 송파구 마천동 32-2번지 석일빌딩  4층 ,"서울특별시 송파구 마천로 240 (마천동, 석일빌딩)",2020-04-13
당구장업,매직당구장,서울특별시 송파구 방이동 124-19번지 2층 ,"서울특별시 송파구 백제고분로48길 44 (방이동, 동보빌딩)",2020-04-13
당구장업,스마일,서울특별시 송파구 송파동 29번지 지하1층 ,"서울특별시 송파구 백제고분로41길 40 (송파동, 부영빌딩)",2020-04-13
당구장업,코리아 당구클럽,서울특별시 송파구 석촌동 3-1번지 지하1층 ,"서울특별시 송파구 송파대로49길 59, 지하1층 (석촌동)",2020-04-13
당구장업,OK당구장,서울특별시 송파구 가락동 181-14번지 4층 ,"서울특별시 송파구 오금로46길 25, 4층 (가락동)",2020-04-13
당구장업,뱅뱅당구장,서울특별시 송파구 가락동 83-6번지 3층 ,"서울특별시 송파구 중대로9길 32 (가락동, 상원빌딩)",2020-04-13
당구장업,황실당구클럽,서울특별시 송파구 삼전동 48-3번지 2층 ,서울특별시 송파구 백제고분로22길 3 (삼전동),2020-04-13
당구장업,히트당구클럽,서울특별시 송파구 석촌동 295-12번지 ,서울특별시 송파구 백제고분로40길 37 (석촌동),2020-04-13
당구장업,느티나무당구장,서울특별시 송파구 문정동 29-3번지 지하1층 ,서울특별시 송파구 동남로6길 6 (문정동),2020-04-13
당구장업,즐겨찾기,서울특별시 송파구 잠실동 183-2번지 3층 ,"서울특별시 송파구 백제고분로7길 43, 3층 (잠실동)",2020-04-13
당구장업,럭셔리 당구클럽,서울특별시 송파구 가락동 18-7번지 2층 ,"서울특별시 송파구 송이로17길 61, 2층 (가락동)",2020-04-13
당구장업,큐볼당구장,"서울특별시 송파구 방이동 34-2번지 6층 601,602호","서울특별시 송파구 오금로11길 11-8, 6층 (방이동)",2020-04-13
당구장업,맨하탄당구클럽,"서울특별시 송파구 가락동 97-8번지 108, 109호","서울특별시 송파구 송파대로30길 11 (가락동, 이연파레스)",2020-04-13
당구장업,챔프3000,서울특별시 송파구 가락동 174-22번지 지하1층 ,서울특별시 송파구 오금로46길 16 (가락동),2020-04-13
당구장업,필름당구장,서울특별시 송파구 방이동 46-6번지 지하1층동 ,"서울특별시 송파구 백제고분로51길 23 (방이동, 에쿠스모델)",2020-04-13
당구장업,캣츠당구장,서울특별시 송파구 거여동 25번지 3층동 ,"서울특별시 송파구 거마로3길 4 (거여동, 뉴비전빌딩)",2020-04-13
당구장업,히든큐당구클럽,서울특별시 송파구 잠실동 193번지 태원빌딩 3층 ,"서울특별시 송파구 백제고분로7길 14 (잠실동, 태원빌딩)",2020-04-13
당구장업,K-1당구클럽,서울특별시 송파구 문정동 150-31번지 2층 ,"서울특별시 송파구 중대로 60-9 (문정동, 정원농산)",2020-04-13
당구장업,비케이당구클럽,서울특별시 송파구 가락동 87-1번지 2층 ,"서울특별시 송파구 중대로9길 48 (가락동, MOXENHOUSE)",2020-04-13
당구장업,구슬모아당구장,서울특별시 송파구 마천동 35-2번지 2층 ,서울특별시 송파구 거마로 63 (마천동),2020-04-13
당구장업,딴 당구클럽,서울특별시 송파구 삼전동 28-8번지 지하1층 ,"서울특별시 송파구 백제고분로 198 (삼전동, 정민빌딩)",2020-04-13
당구장업,7전8큐 당구장,서울특별시 송파구 송파동 131-21번지 전원빌딩 ,"서울특별시 송파구 백제고분로46길 12, 전원빌딩 (송파동)",2020-04-13
당구장업,유성당구장,서울특별시 송파구 거여동 31-13번지 3층 ,서울특별시 송파구 오금로 522 (거여동),2020-04-13
당구장업,반딧불 당구장,서울특별시 송파구 문정동 46-18번지 2층 ,서울특별시 송파구 송파대로22길 21 (문정동),2020-04-13
당구장업,J.M당구클럽,서울특별시 송파구 방이동 28번지 지하1층 ,"서울특별시 송파구 올림픽로30길 5 (방이동, 정윤빌딩)",2020-04-13
당구장업,동그라미 당구클럽,서울특별시 송파구 거여동 27번지 지층 ,"서울특별시 송파구 오금로 504 (거여동, 하나빌딩)",2020-04-13
당구장업,황제당구클럽,서울특별시 송파구 석촌동 255번지 3층 ,"서울특별시 송파구 가락로 70, 3층 (석촌동)",2020-04-13
당구장업,놀이터 당구클럽,서울특별시 송파구 송파동 104-5번지 지하1층 ,서울특별시 송파구 가락로 157 (송파동),2020-04-13
당구장업,빌앤 당구클럽,서울특별시 송파구 방이동 208-2번지 지하1층 ,"서울특별시 송파구 마천로 27 (방이동, 유장빌딩)",2020-04-13
당구장업,문정당구장,서울특별시 송파구 문정동 137-23번지 지하1층 ,서울특별시 송파구 송이로31길 28 (문정동),2020-04-13
당구장업,구슬모아,서울특별시 송파구 석촌동 273-5번지 지하1층 ,서울특별시 송파구 가락로 94 (석촌동),2020-04-13
당구장업,로 얄,서울특별시 송파구 삼전동 110-13번지 지하1층 ,"서울특별시 송파구 삼학사로19길 28 (삼전동, 캔쇼빌딩)",2020-04-13
당구장업,캐롬4U,서울특별시 송파구 오금동 89번지 3층 ,"서울특별시 송파구 중대로 304 (오금동, 천진빌딩)",2020-04-13
당구장업,라이프당구장,서울특별시 송파구 마천동 161-2번지 4층 ,서울특별시 송파구 성내천로 229 (마천동),2020-04-13
당구장업,구슬모아,서울특별시 송파구 잠실동 181-6번지 지하1층 ,"서울특별시 송파구 올림픽로 104 (잠실동, 동성빌딩)",2020-04-13
당구장업,브라보당구장,서울특별시 송파구 송파동 47-3번지 지하1층 ,"서울특별시 송파구 백제고분로 423 (송파동, 영동빌딩)",2020-04-13
당구장업,가락스포렉스,서울특별시 송파구 가락동 600번지 가락농수산물시장 청과동 3층 911-1호 ,"서울특별시 송파구 양재대로 932, 3층 911-1호 (가락동, 가락시장 청과동)",2020-04-13
당구장업,K-2당구클럽,서울특별시 송파구 삼전동 26-1번지 2층 ,"서울특별시 송파구 백제고분로25길 33, 2층 (삼전동)",2020-04-13
당구장업,SBS당구클럽,서울특별시 송파구 방이동 67-7번지 지하1층 ,"서울특별시 송파구 오금로13길 8, 지하1층 (방이동)",2020-04-13
당구장업,당구마을,서울특별시 송파구 삼전동 28-22번지 지하1층 ,"서울특별시 송파구 백제고분로 202, 지하1층 (삼전동)",2020-04-13
당구장업,거북당구장,서울특별시 송파구 풍납동 476-15번지 ,서울특별시 송파구 천호대로152길 17 (풍납동),2020-04-13
당구장업,SS당구,서울특별시 송파구 방이동 35-1번지 6층 ,서울특별시 송파구 올림픽로 348 (방이동),2020-04-13
당구장업,스타당구클럽,서울특별시 송파구 가락동 125-3번지 지하1층 ,서울특별시 송파구 동남로 145 (가락동),2020-04-13
당구장업,태도형 당구 클럽,서울특별시 송파구 문정동 620번지 대우푸르지오시티B02호 ,"서울특별시 송파구 새말로 62 (문정동, 대우푸르지오시티B02호)",2020-04-13
당구장업,명당구장,서울특별시 송파구 잠실동 234-5번지 2층 ,"서울특별시 송파구 백제고분로19길 3, 2층 (잠실동)",2020-04-13
당구장업,장수당구장,서울특별시 송파구 문정동 96-11번지 2층호,"서울특별시 송파구 새말로 141, 2층 (문정동)",2020-04-13
당구장업,카네기당구장,서울특별시 송파구 방이동 105-4번지 2층 ,"서울특별시 송파구 올림픽로32길 58, 2층 (방이동)",2020-04-13
당구장업,스포츠당구장,서울특별시 송파구 석촌동 273-1번지 지층 ,"서울특별시 송파구 가락로 84, 지층 (석촌동)",2020-04-13
당구장업,준당구장,서울특별시 송파구 송파동 17-3번지 지하1층 ,"서울특별시 송파구 백제고분로41길 11, 지하1층 (송파동)",2020-04-13
당구장업,시그마당구장,서울특별시 송파구 신천동 7-19번지 잠실시스마타워 지하1층 ,"서울특별시 송파구 올림픽로 289, 지하1층 B111~3호 (신천동, 잠실시그마타워)",2020-04-13
당구장업,당구일번지,서울특별시 송파구 가락동 81-2번지 2층 ,"서울특별시 송파구 송파대로30길 25, 2층 (가락동)",2020-04-13
당구장업,Billiards Club Han's,서울특별시 송파구 문정동 29-30번지 ,서울특별시 송파구 동남로4길 11 (문정동),2020-04-13
당구장업,티파니당구장,서울특별시 송파구 가락동 98-2번지 ,"서울특별시 송파구 송파대로30길 8, 2층 203호 (가락동, 훼밀리오피스텔)",2020-04-13
당구장업,땡큐당구장,서울특별시 송파구 방이동 186-11번지 ,서울특별시 송파구 양재대로71길 12 (방이동),2020-04-13
당구장업,에이스당구장,서울특별시 송파구 잠실동 182-6번지 ,서울특별시 송파구 백제고분로7길 29 (잠실동),2020-04-13
당구장업,청목당구장,서울특별시 송파구 잠실동 244-12번지 ,서울특별시 송파구 백제고분로19길 28 (잠실동),2020-04-13
당구장업,에스피당구클럽,서울특별시 송파구 가락동 99-5번지 ,서울특별시 송파구 중대로 97 (가락동),2020-04-13
당구장업,SBS당구클럽,서울특별시 송파구 잠실동 184-12번지 ,서울특별시 송파구 백제고분로7길 57 (잠실동),2020-04-13
당구장업,유명당구장,서울특별시 송파구 마천동 138-15번지 ,서울특별시 송파구 마천로41길 33 (마천동),2020-04-13
당구장업,하이런당구장,서울특별시 송파구 거여동 133-19번지 ,"서울특별시 송파구 거마로 49 (거여동, 초림빌딩)",2020-04-13
당구장업,사랑방 당구장,서울특별시 송파구 석촌동 18번지 ,"서울특별시 송파구 백제고분로33길 16, 지하1층 (석촌동)",2020-04-13
당구장업,당구타임클럽,서울특별시 송파구 잠실동 191-7번지 ,서울특별시 송파구 백제고분로7길 24 (잠실동),2020-04-13
당구장업,T&B Billiard Club,서울특별시 송파구 거여동 40번지 ,서울특별시 송파구 거마로2길 3-4 (거여동),2020-04-13
당구장업,오색당구장,서울특별시 송파구 마천동 41-4번지 ,"서울특별시 송파구 거마로 71 (마천동, 원천빌딩)",2020-04-13
당구장업,L.A당구클럽,서울특별시 송파구 마천동 323-164번지 ,"서울특별시 송파구 마천로 351, 3층 (마천동, 사자빌딩)",2020-04-13
당구장업,VIP당구장,서울특별시 송파구 방이동 64-6번지 3층 ,"서울특별시 송파구 올림픽로32길 18, 3층 (방이동, 경진빌딩)",2020-04-13
당구장업,당구존,서울특별시 송파구 잠실동 180-9번지 반석빌딩 4층 ,"서울특별시 송파구 백제고분로7길 27, 4층 (잠실동, 반석빌딩)",2020-04-13
당구장업,시카고포켓볼,서울특별시 송파구 방이동 61번지 지층 ,"서울특별시 송파구 올림픽로32길 23, 지층 (방이동)",2020-04-13
당구장업,나이스당구장,서울특별시 송파구 삼전동 131-14번지 3층 ,"서울특별시 송파구 삼학사로 87, 3층 (삼전동, 대경빌딩)",2020-04-13
당구장업,제임스,,"서울특별시 송파구 새말로 144, 2층 (문정동, 그린빌딩)",2020-04-13
당구장업,J당구클럽,,"서울특별시 송파구 오금로 487, 2층 (거여동)",2020-04-13
당구장업,정읍 당구장,,"서울특별시 송파구 마천로41길 15, 3층 (마천동)",2020-04-13
당구장업,큐52당구장,,"서울특별시 송파구 법원로11길 7, 지하2층 B211,B212호 (문정동, 문정현대지식산업센터1-2)",2020-04-13
당구장업,히트빌리어드클럽,,"서울특별시 송파구 송이로36길 68, 2층 (문정동, 신안빌딩)",2020-04-13
당구장업,만나당구클럽,,"서울특별시 송파구 중대로9길 53, 3층 (가락동, 영남빌딩)",2020-04-13
당구장업,IT당구클럽,,"서울특별시 송파구 중대로 135, 지하1층 비125,126호 (가락동, 아이티벤처타워)",2020-04-13
당구장업,스팅당구클럽,서울특별시 송파구 잠실동 209-2번지 ,"서울특별시 송파구 석촌호수로 84, 지하층 (잠실동, 내네빌딩)",2020-04-13
당구장업,시그마당구장3,서울특별시 송파구 신천동 7-19번지 ,"서울특별시 송파구 올림픽로 289, 지하1층 비101-3호 (신천동, 잠실시그마타워)",2020-04-13
당구장업,다섬당구장,서울특별시 송파구 오금동 130-8번지 경신빌딩 ,"서울특별시 송파구 마천로 지하 130-8 (오금동, 경신빌딩)",2020-04-13
당구장업,월드당구장,서울특별시 송파구 방이동 159-21번지 ,"서울특별시 송파구 가락로 269, 지하1층 (방이동, 소망빌딩)",2020-04-13
당구장업,스마일당구장,서울특별시 송파구 송파동 88번지 ,서울특별시 송파구 백제고분로42길 16 (송파동),2020-04-13
당구장업,삼손당구장,서울특별시 송파구 삼전동 180번지 ,서울특별시 송파구 백제고분로 262 (삼전동),2020-04-13
당구장업,문당구클럽,서울특별시 송파구 거여동 17-17번지 ,서울특별시 송파구 오금로57길 3-4 (거여동),2020-04-13
당구장업,프로당구장,서울특별시 송파구 삼전동 100-5번지 ,서울특별시 송파구 백제고분로27길 5 (삼전동),2020-04-13
당구장업,별 당구장,서울특별시 송파구 삼전동 14번지 ,"서울특별시 송파구 백제고분로21길 24 (삼전동, 0세아카데미어린이집)",2020-04-13
당구장업,히트 당구장,서울특별시 송파구 가락동 82-4번지 ,"서울특별시 송파구 중대로9길 26, 2층 (가락동)",2020-04-13
당구장업,스핀볼링센터 가든5,서울특별시 송파구 문정동 632번지 가든파이브웍스 ,"서울특별시 송파구 충민로 52, 가든파이브웍스 지하1층 BF1025~1028호 (문정동)",2020-04-13
당구장업,당구시간,서울특별시 송파구 송파동 131-12번지 지하1층 ,서울특별시 송파구 백제고분로46길 20 (송파동),2020-04-13
당구장업,성내천당구장,서울특별시 송파구 거여동 2-8번지 ,"서울특별시 송파구 성내천로 134, 지하1층 (거여동)",2020-04-13
당구장업,챔프당구클럽,서울특별시 송파구 방이동 111번지 ,"서울특별시 송파구 백제고분로48길 6, 2층 (방이동)",2020-04-13
당구장업,송파당구장,서울특별시 송파구 가락동 174-13번지 익산빌딩 ,"서울특별시 송파구 오금로44길 3, 익산빌딩 (가락동)",2020-04-13
당구장업,송파가브리엘당구클럽,서울특별시 송파구 송파동 19-2번지 ,"서울특별시 송파구 송파대로 438, 지하2층 (송파동)",2020-04-13
당구장업,당기자 당구장,서울특별시 송파구 문정동 651-10번지 파트너스1 ,"서울특별시 송파구 법원로 92, 파트너스1 (문정동)",2020-04-13
당구장업,JJ당구장,서울특별시 송파구 가락동 75-17번지 성공카랜드 ,"서울특별시 송파구 송이로20길 8, 성공카랜드 (가락동)",2020-04-13
당구장업,엠스테이트 당구장,서울특별시 송파구 문정동 643-1번지 엠스테이트 ,"서울특별시 송파구 법원로 114, 엠스테이트 E동 B214호 (문정동)",2020-04-13
당구장업,알파고 당구장,서울특별시 송파구 가락동 175-13번지 보람빌딩 ,"서울특별시 송파구 오금로46길 3, 보람빌딩 (가락동)",2020-04-13
당구장업,오투당구클럽,서울특별시 송파구 문정동 642-3번지 문정에스케이브이원지엘메트로시티 ,"서울특별시 송파구 법원로 128, 문정에스케이브이원지엘메트로시티 C동 지하2층 223호 (문정동)",2020-04-13
썰매장업,한강시민공원 잠실지구 눈썰매장,서울특별시 송파구 잠실동 26번지 ,,2020-04-13
무도학원업,강남 댄스스포츠,서울특별시 송파구 잠실동 175-8번지 지하1층 ,"서울특별시 송파구 올림픽로 80 (잠실동, 영원빌딩)",2020-04-13
빙상장업,롯데월드아이스링크장,서울특별시 송파구 잠실동 40-1번지 ,서울특별시 송파구 올림픽로 240 (잠실동),2020-04-13
종합체육시설업,서울YMCA송파지회,서울특별시 송파구 잠실동 27-11번지 ,"서울특별시 송파구 올림픽로 211 (잠실동, 서울Y.M.C.A송파지회)",2020-04-13
종합체육시설업,서울곰두리체육센타,서울특별시 송파구 오금동 51-0번지 오금근린공원내 ,서울특별시 송파구 동남로 271 (오금동),2020-04-13
종합체육시설업,시그마스포츠클럽,서울특별시 송파구 신천동 7-19번지 시그마타워 지하1층 ,"서울특별시 송파구 올림픽로 289 (신천동, 잠실시그마타워)",2020-04-13
종합체육시설업,올림픽수영장,서울특별시 송파구 방이동 88-2번지 ,"서울특별시 송파구 올림픽로 424 (방이동, 올림픽공원)",2020-04-13
종합체육시설업,웰니스스포츠,서울특별시 송파구 문정동 90번지 문정고등학교내 ,"서울특별시 송파구 송이로34길 62 (문정동, 문정고등학교)",2020-04-13
종합체육시설업,시그니엘서울 피트니스클럽,,서울특별시 송파구 올림픽로 300 (신천동),2020-04-13
